question_id,category,question,reference_root_path,method,answer,latency_ms,model,kb_count,kg_count,kg_connected,llm_error,is_correct,evidence_hit,hallucination,root_path_hit,annotator,notes
Q001,故障原因类,主轴振动过大的原因有哪些？,主轴-振动过大-原因-处理,llm_only,主轴振动过大的常见原因包括：1. 轴承磨损或损坏导致旋转不平衡；2. 主轴轴颈与轴承配合松动；3. 联轴器安装偏心或松动；4. 传动带轮/齿轮箱不对中；5. 设备基础不稳固或地脚螺栓松动；6. 工件装夹不牢引发共振；7. 主轴转子存在裂纹或加工误差；8. 润滑不良造成摩擦增大。建议优先检查轴承状态和联轴器对中性，确认安装基础稳固性，必要时进行动平衡校正或更换磨损部件。,17942,Qwen/Qwen3-8B,0,0,True,,0,0,1,0,auto_prefill,auto_prefill
Q001,故障原因类,主轴振动过大的原因有哪些？,主轴-振动过大-原因-处理,rag_only,主轴振动过大的常见原因包括：主轴轴承磨损、损坏或润滑不足；主轴与电机皮带轮或联轴器不对中；刀具不平衡或夹持松动；切削参数不当导致过载；主轴拉刀机构失效，刀具未夹紧；主轴冷却系统异常引发热变形；地基螺栓松动或床身水平变化。建议优先检查轴承状态、刀具平衡性及联轴器对中情况，再排查冷却系统和地基稳定性。,15929,Qwen/Qwen3-8B,5,0,True,,1,1,0,1,auto_prefill,auto_prefill
Q001,故障原因类,主轴振动过大的原因有哪些？,主轴-振动过大-原因-处理,graph_rag,"结论：主轴振动过大的常见原因包括轴承磨损/润滑不足、联轴器/皮带轮不对中、刀具不平衡或夹持松动、切削参数过载、拉刀机构失效、冷却系统异常导致热变形及地基螺栓松动。
证据链：。
1. 主轴轴承-振动异常-磨损/润滑不足-检查润滑并更换磨损部件。
2. 联轴器/皮带轮-振动超标-不对中-校准对中或更换损坏部件。
3. 刀具-振动增强-不平衡/夹持松动-重新平衡刀具并紧固夹持。
4. 主轴拉刀机构-振动突增-夹持失效-检查拉刀机构并修复。
5. 冷却系统-热变形-冷却不足-优化冷却液流量或检查系统泄漏。
6. 地基螺栓-振动传导-松动-紧固螺栓并调整床身水平。",17961,Qwen/Qwen3-8B,5,0,True,,1,1,0,0,auto_prefill,auto_prefill
Q002,故障原因类,主轴轴承温度过高常见原因是什么？,主轴轴承-温度过高-原因-处理,llm_only,"主轴轴承温度过高常见原因及处理：。
1. **润滑不足或劣化**：检查润滑油量、清洁度及油路是否堵塞，及时补充或更换合格润滑剂。
2. **装配过紧或过松**：校验轴承预紧力，调整至厂家推荐范围，避免应力集中。
3. **冷却系统失效**：排查冷却液流量、温度及循环路径，确保散热效率。
4. **负载异常**：检查主轴负载是否超限，优化加工参数或更换更大规格轴承。
5. **轴承损坏**：观察是否有磨损、裂纹或异物侵入，必要时更换轴承。
6. **环境温度高**：改善车间通风或增加散热设备。
**结论**：优先排查润滑与冷却系统，调整装配及负载，必要时更换轴承。",22790,Qwen/Qwen3-8B,0,0,True,,0,0,1,0,auto_prefill,auto_prefill
Q002,故障原因类,主轴轴承温度过高常见原因是什么？,主轴轴承-温度过高-原因-处理,rag_only,主轴轴承温度过高的常见原因包括：主轴冷却系统异常导致热变形。根据文档，冷却系统问题可能引发温度升高。其他如润滑不足、轴承磨损或损坏等虽可能关联，但文档未明确提及。证据不足。,12914,Qwen/Qwen3-8B,5,0,True,,1,1,0,0,auto_prefill,auto_prefill
Q002,故障原因类,主轴轴承温度过高常见原因是什么？,主轴轴承-温度过高-原因-处理,graph_rag,"结论：主轴轴承温度过高可能由润滑不足、冷却系统异常或轴承损坏引起。
证据链：主轴轴承（部件）- 温度过高（现象）- 润滑不足/冷却系统异常（原因）- 检查润滑状态并清理冷却系统。
注：知识库未明确列出主轴轴承温度过高的直接原因，上述结论基于相关联的冷却系统故障描述及常见工业经验推测。",11770,Qwen/Qwen3-8B,5,0,True,,1,1,0,0,auto_prefill,auto_prefill
Q003,故障原因类,液压站压力建立不起来通常是什么问题？,液压站-压力不足-原因-处理,llm_only,"液压站压力建立不起来常见原因及处理：。
1. **油泵故障**：检查泵是否损坏或电机未启动，必要时更换或维修。
2. **油路堵塞**：排查滤油器、管路是否堵塞，清理或更换滤芯。
3. **油位不足**：补充液压油至合适刻度，确保泵能正常吸油。
4. **阀类问题**：检查溢流阀、压力阀是否卡死或调整不当，修复或重新校准。
5. **系统泄漏**：排查管路、接头、密封件泄漏，紧固或更换密封。
6. **油液污染/粘度异常**：更换清洁油液，调整油温或粘度。
7. **电气控制故障**：检查电磁阀、继电器等控制元件是否正常。
按顺序排查，优先处理油泵、油路和泄漏问题，确保系统密封性和油液状态。",19390,Qwen/Qwen3-8B,0,0,True,,0,0,1,0,auto_prefill,auto_prefill
Q003,故障原因类,液压站压力建立不起来通常是什么问题？,液压站-压力不足-原因-处理,rag_only,液压站压力建立不起来可能涉及以下问题：液压泵出口压力低于10MPa（故障现象），可能由泵体磨损、管路泄漏、压力调节阀失效或系统堵塞导致。同时，液压油压力传感器故障可能误报压力不足。此外，系统内混入空气或油位不足也可能影响压力建立。根据《金风3MW风机维修手册》，液压油压力过低属于重要故障模式，需优先排查液压泵及管路系统。证据不足。,24289,Qwen/Qwen3-8B,5,0,True,,1,1,0,0,auto_prefill,auto_prefill
Q003,故障原因类,液压站压力建立不起来通常是什么问题？,液压站-压力不足-原因-处理,graph_rag,"结论：液压站压力建立不起来可能由液压泵故障、油路堵塞或泄漏、溢流阀异常、油质问题等导致，需结合具体工况排查。
证据链：液压油压力传感器（部件）→ 液压泵出口压力低于10MPa（现象）→ 液压油压力过低（故障模式）→ 检查泵工作状态、油路清洁度及密封性（措施）。
注：文档未明确具体原因，建议结合系统压力低报警码及《金风3MW风机维修手册》进一步诊断。",23070,Qwen/Qwen3-8B,5,0,True,,1,1,0,1,auto_prefill,auto_prefill
Q004,故障原因类,伺服电机过热报警一般由什么引起？,伺服电机-过热报警-原因-处理,llm_only,"伺服电机过热报警常见原因：。
1. **负载过大**：超负荷运行导致电流异常升高，热量积累。
2. **散热不良**：风扇故障、通风道堵塞或环境温度过高，影响散热效率。
3. **内部故障**：绕组短路、轴承损坏或绝缘老化，引发异常摩擦与发热。
4. **电源问题**：电压波动、三相不平衡或电流过载，导致电机效率下降。
5. **散热系统异常**：冷却液不足或散热器积尘，阻碍热量散发。
**处理建议**：立即停机，检查负载与电流是否正常；清洁散热部件并确保通风；排查电源稳定性；必要时拆解检测内部元件。",17020,Qwen/Qwen3-8B,0,0,True,,0,0,1,0,auto_prefill,auto_prefill
Q004,故障原因类,伺服电机过热报警一般由什么引起？,伺服电机-过热报警-原因-处理,rag_only,证据不足。文档未直接提及伺服电机过热报警的具体原因，仅涉及发电机定子温度高报警（130℃以上）及变桨电机过载（因变桨阻力过大）。若需排查伺服电机过热，建议参考设备手册或补充相关故障模式数据。,16123,Qwen/Qwen3-8B,5,0,True,,1,1,0,1,auto_prefill,auto_prefill
Q004,故障原因类,伺服电机过热报警一般由什么引起？,伺服电机-过热报警-原因-处理,graph_rag,"结论：伺服电机过热报警可能由过载、散热不良或内部故障引起，但现有资料未明确关联伺服电机过热的具体原因。
证据链：变桨电机过载（故障原因）→ 负载异常导致温度升高（现象）→ 需检查散热系统及负载情况（措施）。
注：资料中未直接提及伺服电机过热原因，建议补充伺服电机相关维护手册或故障案例以精准诊断。",15466,Qwen/Qwen3-8B,5,0,True,,1,1,0,1,auto_prefill,auto_prefill
Q005,故障原因类,冷却液流量不足会由哪些故障导致？,冷却系统-流量不足-原因-处理,llm_only,冷却液流量不足常见故障包括：1. 水泵损坏或叶轮堵塞；2. 冷却液泵电机故障；3. 冷却液管道、滤网或散热器堵塞；4. 冷却液液位过低；5. 节温器卡滞或失效；6. 散热器风扇停转导致循环受阻；7. 温度传感器误报引发系统误动作；8. 系统存在空气泄漏形成气阻。建议优先检查水泵运行状态、液位及管道清洁度，确认无误后排查节温器、风扇及传感器功能。,13678,Qwen/Qwen3-8B,0,0,True,,0,0,1,0,auto_prefill,auto_prefill
Q005,故障原因类,冷却液流量不足会由哪些故障导致？,冷却系统-流量不足-原因-处理,rag_only,证据不足。提供的文档片段未直接提及冷却液流量不足的具体故障原因。仅涉及主轴冷却系统异常可能导致热变形，但未说明流量不足的根源。其他内容如液压系统泄漏、发电机风扇故障等与冷却液流量无关。需更多关于冷却系统组件（如泵、管路、过滤器）的故障信息才能准确回答。,14332,Qwen/Qwen3-8B,5,0,True,,1,1,0,0,auto_prefill,auto_prefill
Q005,故障原因类,冷却液流量不足会由哪些故障导致？,冷却系统-流量不足-原因-处理,graph_rag,"结论：当前提供的文档片段未直接关联冷却液流量不足的具体故障原因，需补充冷却系统相关部件或现象数据以形成完整证据链。
证据链：无直接匹配项。文档中提及的液压系统泄漏、液压缸密封损坏与冷却液系统无关；数控机床冷却系统异常仅涉及热变形，未说明流量不足原因。建议检查水泵、管路堵塞、冷却液泵故障或流量传感器异常等关键部件。",13428,Qwen/Qwen3-8B,5,0,True,,1,1,0,0,auto_prefill,auto_prefill
Q006,维修措施类,主轴轴承异常噪声应该如何处理？,主轴轴承-异常噪声-处理,llm_only,"主轴轴承异常噪声的处理步骤如下：。
1. **停机检查**：立即停机并断电，确保安全。
2. **润滑排查**：检查润滑油量及质量，补充或更换润滑油，确保润滑系统畅通。
3. **异物清理**：拆解轴承，清除内部异物，检查密封件是否破损并更换。
4. **磨损评估**：观察轴承滚道、滚动体是否有划痕或磨损，必要时更换轴承。
5. **安装校准**：检查轴承安装是否松动或偏心，重新校准并调整预紧力。
6. **共振排查**：确认主轴转速是否接近共振频率，调整转速或增加阻尼。
若无法自行解决，需联系专业维修人员进一步检测。",16955,Qwen/Qwen3-8B,0,0,True,,0,0,1,0,auto_prefill,auto_prefill
Q006,维修措施类,主轴轴承异常噪声应该如何处理？,主轴轴承-异常噪声-处理,rag_only,"主轴轴承异常噪声的处理建议：。
1. **检查轴承磨损**：根据《金风3MW风机维修手册》，主轴轴承磨损是常见故障模式，需停机后拆卸检查，必要时更换。
2. **润滑状态**：确认润滑脂是否充足或变质，补充或更换合格润滑剂。
3. **对中校准**：排查主轴与电机皮带轮或联轴器的对中情况，调整至正确位置。
4. **清洁异物**：清除轴承内部可能存在的金属碎屑或杂质。
若上述步骤无法解决，建议联系专业人员进一步检测。
（注：文档未明确提及噪声直接处理方法，以上基于振动排查逻辑推导。）。",21308,Qwen/Qwen3-8B,5,0,True,,1,1,0,0,auto_prefill,auto_prefill
Q006,维修措施类,主轴轴承异常噪声应该如何处理？,主轴轴承-异常噪声-处理,graph_rag,"结论：主轴轴承异常噪声需检查润滑状态、对中情况及轴承磨损程度，必要时更换磨损部件。
证据链：主轴轴承（部件）→ 异常噪声（现象）→ 润滑不足/磨损（原因）→ 补充润滑或更换轴承（措施）。
注：未直接提及噪声具体原因，需结合振动过大等关联现象综合判断。",9783,Qwen/Qwen3-8B,5,0,True,,1,1,0,1,auto_prefill,auto_prefill
Q007,维修措施类,主轴温升过快时第一步应该做什么？,主轴-温升过快-处理,llm_only,主轴温升过快时，第一步应立即停机并切断电源，防止故障扩大。随后检查润滑系统是否正常供油，确认冷却液流量及温度是否达标，排查是否存在机械卡滞或负载过大的异常情况。同时监测电机电流是否异常，检查轴承是否损坏或密封不良导致热量积聚。若发现明显故障，需联系专业人员处理；若无明显异常，可待冷却后重新启动并观察状态。操作时确保断电断料，优先保障设备与人员安全。,15152,Qwen/Qwen3-8B,0,0,True,,0,0,1,0,auto_prefill,auto_prefill
Q007,维修措施类,主轴温升过快时第一步应该做什么？,主轴-温升过快-处理,rag_only,证据不足。提供的文档片段未直接提及主轴温升过快的处理步骤，仅涉及主轴振动原因及冷却系统异常导致热变形的关联性。温升过快可能与润滑不足、冷却系统故障或过载有关，但需更多具体信息才能确定排查优先级。,10860,Qwen/Qwen3-8B,5,0,True,,1,1,0,1,auto_prefill,auto_prefill
Q007,维修措施类,主轴温升过快时第一步应该做什么？,主轴-温升过快-处理,graph_rag,"结论：主轴温升过快时，第一步应检查冷却系统是否正常工作，确保冷却液流量和温度符合标准。
证据链：主轴（装备）- 冷却系统异常（故障现象）- 主轴热变形（原因）- 启动冷却系统维护（措施）。
（注：文档未直接提及温升过快的具体原因，但通过主轴冷却系统异常导致热变形的关联推断冷却系统为关键检查点。）。",14216,Qwen/Qwen3-8B,5,0,True,,1,1,0,1,auto_prefill,auto_prefill
Q008,维修措施类,液压系统压力不稳应如何排查？,液压系统-压力不稳-排查,llm_only,"液压系统压力不稳可按以下步骤排查：。
1. **检查泵**：确认泵是否磨损、吸油不畅或驱动电机故障，必要时更换或维修。
2. **排查管路泄漏**：检查油管、接头及密封件是否有漏油或空气进入，修复泄漏点。
3. **清洁或更换滤芯**：过滤器堵塞会导致流量不足，引发压力波动，及时清理或更换。
4. **调节控制阀**：检查溢流阀、节流阀等是否调节不当，调整至合适范围。
5. **排气处理**：系统内残留空气需通过排气阀彻底排出。
6. **检查负载与执行机构**：确认负载是否突变或执行机构卡滞，排除外部因素。
7. **电气系统检查**：排查电机或传感器信号干扰问题。
若以上步骤无效，需专业检测液压元件或系统参数。",18467,Qwen/Qwen3-8B,0,0,True,,0,0,1,0,auto_prefill,auto_prefill
Q008,维修措施类,液压系统压力不稳应如何排查？,液压系统-压力不稳-排查,rag_only,证据不足。文档仅提及液压系统压力低报警（压力低于10MPa）与液压系统进水有关，但未提供关于压力不稳的具体原因或排查步骤。建议补充以下信息：检查液压泵工作状态、管路泄漏、压力阀调节是否异常、油液污染程度及系统内是否混入空气。,14501,Qwen/Qwen3-8B,5,0,True,,1,1,0,1,auto_prefill,auto_prefill
Q008,维修措施类,液压系统压力不稳应如何排查？,液压系统-压力不稳-排查,graph_rag,"结论：液压系统压力不稳可能由液压泵故障、管路泄漏或压力调节阀异常引起，需结合具体现象进一步排查。
证据链：液压泵出口压力低于10MPa（现象）→ 液压系统进水（原因，呼吸阀损坏）→ 检查呼吸阀密封性并更换受损部件（措施）。
注：当前资料未明确压力波动与进水的直接关联，建议补充系统压力波动数据及泵体状态信息以精准定位。",17973,Qwen/Qwen3-8B,5,0,True,,1,1,0,1,auto_prefill,auto_prefill
Q009,维修措施类,伺服电机频繁报警应该怎么处理？,伺服电机-频繁报警-处理,llm_only,伺服电机频繁报警需按以下步骤处理：1. 检查负载是否过大或存在机械卡滞，必要时减轻负载；2. 确认编码器连接是否松动或损坏，重新插拔或更换；3. 检查电源、控制线是否存在短路、断路或接触不良；4. 核对电机参数设置是否与实际工况匹配，调整参数；5. 查看报警代码，针对性排查（如过流、过热、位置偏差等）。若问题持续，需断电后检查内部元件或联系厂家技术支持。,13480,Qwen/Qwen3-8B,0,0,True,,0,0,1,0,auto_prefill,auto_prefill
Q009,维修措施类,伺服电机频繁报警应该怎么处理？,伺服电机-频繁报警-处理,rag_only,证据不足。提供的文档片段未提及伺服电机频繁报警的具体原因或处理方法，仅包含主轴振动、发电机定子温度高及紧急停机报警相关内容。建议查阅伺服电机专用故障手册或联系设备厂商技术支持获取针对性解决方案。,9154,Qwen/Qwen3-8B,5,0,True,,1,1,0,1,auto_prefill,auto_prefill
Q009,维修措施类,伺服电机频繁报警应该怎么处理？,伺服电机-频繁报警-处理,graph_rag,"结论：伺服电机频繁报警需检查负载过载、温度异常、编码器故障或电源波动等问题，但当前文档未提供伺服电机相关报警信息，需结合具体报警代码进一步分析。
证据链：发电机定子温度高报警（温度异常→过热→冷却系统故障）；紧急停机报警（机械卡死→电源波动→系统保护）。伺服电机报警可能涉及类似温度、负载或编码器异常，但需明确报警代码以定位具体原因。",14966,Qwen/Qwen3-8B,5,0,True,,1,1,0,0,auto_prefill,auto_prefill
Q010,维修措施类,加工精度突然下降时应该先检查什么？,加工精度-下降-排查,llm_only,"加工精度突然下降时，应优先检查以下内容：。
1. **机床几何精度**：导轨、主轴同轴度、定位精度是否异常；。
2. **刀具状态**：刀具磨损、破损或装夹松动；。
3. **夹具与工装**：夹具定位误差、磨损或松动；。
4. **切削参数**：转速、进给量、切削深度是否合理；。
5. **冷却液与润滑**：冷却液是否充足，润滑系统是否正常；。
6. **环境因素**：温度波动、振动干扰或机床热变形。
若问题仍未解决，需进一步排查控制系统、伺服电机或机械传动部件。",21390,Qwen/Qwen3-8B,0,0,True,,0,0,1,0,auto_prefill,auto_prefill
Q010,维修措施类,加工精度突然下降时应该先检查什么？,加工精度-下降-排查,rag_only,证据不足。文档未直接提及加工精度下降的检查步骤，仅涉及主轴振动过大和齿轮箱断齿等故障的排查。加工精度突降可能与主轴振动、刀具状态、机床几何精度或伺服系统异常相关，但需更具体信息才能定位原因。,17542,Qwen/Qwen3-8B,5,0,True,,1,1,0,0,auto_prefill,auto_prefill
Q010,维修措施类,加工精度突然下降时应该先检查什么？,加工精度-下降-排查,graph_rag,"结论：当前资料未直接关联加工精度下降的检查步骤，需结合其他常见故障因素排查。
证据链：无直接对应关系。提供的文档片段仅涉及齿轮断齿、接地电阻检查等，未提及加工精度下降的故障现象、原因或相关检查项。建议优先检查主轴轴承、刀具夹持状态、切削参数及机床几何精度。",13664,Qwen/Qwen3-8B,5,0,True,,1,1,0,0,auto_prefill,auto_prefill
Q011,根因追溯类,主轴轴承磨损可能导致哪些现象？,主轴轴承磨损-现象-原因-措施,llm_only,"主轴轴承磨损可能导致以下现象：。
1. **异常振动或噪音**：轴承间隙增大引发机械振动，伴随摩擦声或异响；。
2. **定位精度下降**：主轴回转精度降低，加工件尺寸偏差或表面粗糙度超标；。
3. **温度异常升高**：摩擦增大导致轴承过热，可能引发润滑失效或烧蚀；。
4. **轴向窜动**：轴承内圈或外圈磨损造成主轴轴向位移；。
5. **运转不平稳**：设备运行时出现周期性波动或卡顿。
**建议**：定期检查润滑状态，监测振动与温度，及时更换磨损轴承以避免停机损失。",14593,Qwen/Qwen3-8B,0,0,True,,0,0,1,0,auto_prefill,auto_prefill
Q011,根因追溯类,主轴轴承磨损可能导致哪些现象？,主轴轴承磨损-现象-原因-措施,rag_only,主轴轴承磨损可能导致主轴振动过大（依据《金风3MW风机维修手册》及数控机床故障诊断知识库）。该故障模式在额定运行工况下易发，属于重要影响等级。其他现象如噪音异常、温度升高或主轴位移未在文档中明确提及，故无法确认。,12862,Qwen/Qwen3-8B,5,0,True,,1,1,0,0,auto_prefill,auto_prefill
Q011,根因追溯类,主轴轴承磨损可能导致哪些现象？,主轴轴承磨损-现象-原因-措施,graph_rag,"结论：主轴轴承磨损可能导致主轴振动过大、噪音异常及精度下降。
证据链：主轴轴承（部件）→ 振动过大（现象）→ 磨损（原因）→ 检查润滑状态并更换轴承（措施）。其他现象如温度升高或运行不稳定可能由润滑不足或损坏引发，但文档未明确关联。",13810,Qwen/Qwen3-8B,5,0,True,,1,1,0,1,auto_prefill,auto_prefill
Q012,根因追溯类,润滑不良会引发哪些连锁故障？,润滑不良-连锁故障-措施,llm_only,润滑不良会导致摩擦增大、温度升高，引发轴承烧毁、部件磨损加剧、运动卡滞等直接故障。进而可能造成设备过热、密封失效、振动异常、噪音增大，甚至引发传动系统断轴、液压系统泄漏等连锁问题。长期失润滑会加速金属疲劳，缩短设备寿命，增加维护成本。建议定期检查润滑状态，及时补充或更换润滑剂，确保润滑系统畅通，避免因润滑不足导致的机械损伤和系统停机风险。,14841,Qwen/Qwen3-8B,0,0,True,,0,0,1,0,auto_prefill,auto_prefill
Q012,根因追溯类,润滑不良会引发哪些连锁故障？,润滑不良-连锁故障-措施,rag_only,"润滑不良可能引发以下连锁故障：。
1. **机械磨损加剧**：润滑油不足或变质会导致摩擦增大，加速轴承、齿轮等部件磨损，缩短设备寿命。
2. **振动异常**：如数控机床主轴因润滑不足出现振动过大，影响加工精度与稳定性。
3. **过热风险**：液压系统润滑不良可能引发油温升高，导致密封件老化或系统失效。
4. **效率下降**：齿轮箱润滑不足会增加能耗，降低传动效率。
证据不足：文档未明确提及润滑不良与其他故障（如变压器散热不良）的直接关联。",13882,Qwen/Qwen3-8B,5,0,True,,1,1,0,0,auto_prefill,auto_prefill
Q012,根因追溯类,润滑不良会引发哪些连锁故障？,润滑不良-连锁故障-措施,graph_rag,"结论：润滑不良可能引发轴承磨损、设备振动增大、过热及系统性能下降等连锁故障。
证据链：。
1. 偏航轴承润滑不良（部件）→ 润滑油不足/变质（原因）→ 摩擦增大导致磨损（现象）→ 效率降低或损坏（措施需补油/换油）。
2. 数控机床主轴润滑不足（原因）→ 主轴轴承磨损（部件）→ 振动过大（现象）→ 加工精度下降（措施需检查润滑系统）。
3. 液压系统润滑不良（部件）→ 油位过低（原因）→ 摩擦生热（现象）→ 散热不良（关联现象）→ 变压器温度过高（间接影响）。
（注：部分关联需结合具体设备场景，证据链存在间接推断）。",28230,Qwen/Qwen3-8B,5,0,True,,1,1,0,1,auto_prefill,auto_prefill
Q013,根因追溯类,冷却液污染可能造成哪些后果？,冷却液污染-后果-措施,llm_only,"冷却液污染可能导致以下后果：。
1. **散热失效**：污染降低冷却效率，引发设备过热，损坏发动机或电机。
2. **腐蚀加剧**：杂质或酸性物质腐蚀金属部件，缩短设备寿命。
3. **润滑失效**：与润滑油混合后，润滑性能下降，增加机械磨损。
4. **系统堵塞**：污染物沉积在管道或散热器，阻碍循环，降低效率。
5. **环境风险**：有毒成分泄漏污染土壤/水源，危害生态与健康。
**结论**：定期检查冷却液状态，避免混入杂质；使用专用冷却液并按规范更换；发现污染立即停机处理，防止设备损坏及环境污染。",28667,Qwen/Qwen3-8B,0,0,True,,0,0,1,0,auto_prefill,auto_prefill
Q013,根因追溯类,冷却液污染可能造成哪些后果？,冷却液污染-后果-措施,rag_only,证据不足。提供的文档未直接提及冷却液污染的具体后果，仅涉及冷却系统异常可能导致热变形，以及冷却器堵塞（由灰尘、油污引起）属于故障原因。冷却液污染可能引发散热效率下降、设备过热或部件损坏，但需更多数据支持具体关联性。,18847,Qwen/Qwen3-8B,5,0,True,,1,1,0,0,auto_prefill,auto_prefill
Q013,根因追溯类,冷却液污染可能造成哪些后果？,冷却液污染-后果-措施,graph_rag,"结论：冷却液污染可能导致设备散热不良、润滑失效及热变形，进而引发故障。
证据链：主轴冷却系统异常（部件）→热变形（现象）→润滑不足或冷却液污染（原因）→检查冷却液清洁度并更换（措施）。
注：文档未直接提及冷却液污染的具体后果，结论基于主轴冷却系统异常与润滑不足的关联性推测。",13502,Qwen/Qwen3-8B,5,0,True,,1,1,0,1,auto_prefill,auto_prefill
Q014,根因追溯类,主轴弯曲会对加工质量造成什么影响？,主轴弯曲-加工质量-措施,llm_only,主轴弯曲会导致加工精度下降，引发刀具振动、工件表面粗糙度增加（出现波纹或振纹），并造成尺寸和形状误差。严重时可能损坏刀具或机床部件，降低生产效率与产品质量。需及时校正主轴或更换受损部件，确保加工稳定性与精度。,9797,Qwen/Qwen3-8B,0,0,True,,0,0,1,0,auto_prefill,auto_prefill
Q014,根因追溯类,主轴弯曲会对加工质量造成什么影响？,主轴弯曲-加工质量-措施,rag_only,证据不足。文档未直接说明主轴弯曲对加工质量的具体影响，仅提及主轴弯曲变形属于故障原因（由极端载荷冲击引起），且标注影响等级为紧急。需结合其他知识推断其可能引发振动异常、加工精度下降、表面粗糙度增加等问题，但当前信息不足以明确关联性。,16066,Qwen/Qwen3-8B,5,0,True,,1,1,0,0,auto_prefill,auto_prefill
Q014,根因追溯类,主轴弯曲会对加工质量造成什么影响？,主轴弯曲-加工质量-措施,graph_rag,"结论：主轴弯曲会导致加工精度下降、表面粗糙度增加，严重时引发设备停机。
证据链：主轴（部件）→ 弯曲变形（现象，故障模式）→ 极端载荷冲击（原因，故障原因）→ 振动异常（关联现象）→ 加工质量劣化（间接推断）。
注：文档未直接说明弯曲对加工质量的影响，需结合振动异常的后果推导。",13796,Qwen/Qwen3-8B,5,0,True,,1,1,0,0,auto_prefill,auto_prefill
Q015,根因追溯类,电机轴承松动通常会出现哪些信号？,电机轴承松动-信号-处理,llm_only,"电机轴承松动常见信号包括：。
1. **异常振动**：运行时振动幅度明显增大，尤其在负载或高速时更显著；。
2. **噪音变化**：出现咯咯声、摩擦声或不规则噪音，伴随节奏性异响；。
3. **温度升高**：轴承部位温度异常上升，因摩擦增大导致发热；。
4. **轴向位移**：转轴出现轴向窜动或偏移，导致联轴器不对中；。
5. **润滑脂泄漏**：密封失效时，润滑脂可能从轴承缝隙渗出；。
6. **机械响应迟滞**：负载变化时电机响应变慢，转速不稳定。
建议通过振动检测仪、听诊器及温度监测工具排查，结合定期维护检查轴承紧固状态。",16365,Qwen/Qwen3-8B,0,0,True,,0,0,1,0,auto_prefill,auto_prefill
Q015,根因追溯类,电机轴承松动通常会出现哪些信号？,电机轴承松动-信号-处理,rag_only,证据不足。文档未明确提及电机轴承松动的具体信号，仅涉及轴承磨损、损坏导致的振动过大及电机故障等关联问题。建议结合设备手册或实际运行数据进一步分析。,12217,Qwen/Qwen3-8B,5,0,True,,1,1,0,0,auto_prefill,auto_prefill
Q015,根因追溯类,电机轴承松动通常会出现哪些信号？,电机轴承松动-信号-处理,graph_rag,"结论：电机轴承松动通常表现为异常振动、噪音增大及温度升高。
证据链：。
- 部件：电机轴承。
- 现象：振动过大（关联数控机床主轴振动原因）。
- 原因：润滑不足或磨损（间接关联变桨电机轴承损坏描述）。
- 措施：检查紧固螺栓、补充润滑剂或更换轴承。
注：文档未直接提及“轴承松动”信号，结论基于类似故障现象推断。",15976,Qwen/Qwen3-8B,5,0,True,,1,1,0,1,auto_prefill,auto_prefill
Q016,关联推理类,主轴弯曲和加工精度下降之间有什么关系？,主轴弯曲-精度下降-原因链,llm_only,主轴弯曲会导致旋转精度下降，引发振动和轴向偏移，直接影响加工尺寸稳定性与表面粗糙度。弯曲使刀具路径偏离理论轨迹，造成形位误差，尤其在高精度加工中更为显著。此外，弯曲会加剧切削力不均，导致工件变形或刀具磨损加剧。建议定期使用激光对准仪或精密测量工具检测主轴直线度，及时校正或更换受损部件，以维持加工精度。,10808,Qwen/Qwen3-8B,0,0,True,,0,0,1,0,auto_prefill,auto_prefill
Q016,关联推理类,主轴弯曲和加工精度下降之间有什么关系？,主轴弯曲-精度下降-原因链,rag_only,主轴弯曲变形会导致主轴几何精度丧失，进而引发振动增大。根据文档，主轴弯曲属于故障模式，而振动过大可能由主轴弯曲变形引起（隐含关系）。振动增大直接影响加工稳定性，导致工件尺寸偏差、表面粗糙度恶化等精度问题。但文档未明确直接说明主轴弯曲与加工精度下降的因果关系，因此结论基于间接推导。,15334,Qwen/Qwen3-8B,5,0,True,,1,1,0,0,auto_prefill,auto_prefill
Q016,关联推理类,主轴弯曲和加工精度下降之间有什么关系？,主轴弯曲-精度下降-原因链,graph_rag,"结论：主轴弯曲会导致加工精度下降。
证据链：主轴（部件）→ 振动过大（现象）→ 主轴弯曲变形（原因，极端载荷导致）→ 校正或更换主轴（措施）。
注：文档未直接提及弯曲与精度的关联，但通过主轴振动过大的原因间接推导，需结合实际工况验证。",14795,Qwen/Qwen3-8B,5,0,True,,1,1,0,1,auto_prefill,auto_prefill
Q017,关联推理类,润滑不足与主轴温升的关系是什么？,润滑不足-温升-因果链,llm_only,润滑不足会导致主轴摩擦增大，产生更多热量，从而引发温升。润滑剂减少金属接触摩擦，若油量不足或油质劣化，摩擦阻力增加，热量无法有效散发，主轴温度持续升高。此外，润滑不足可能引起轴承磨损、运转不畅，进一步加剧温升。解决方法：定期检查润滑系统油位与油质，确保供油充足且清洁；更换老化或污染的润滑剂；清洁油路并排查泄漏点。若主轴温升异常，应立即停机检查润滑状态，避免设备损坏。,18157,Qwen/Qwen3-8B,0,0,True,,0,0,1,0,auto_prefill,auto_prefill
Q017,关联推理类,润滑不足与主轴温升的关系是什么？,润滑不足-温升-因果链,rag_only,证据不足。文档未直接说明润滑不足与主轴温升的因果关系。虽然提到润滑不足可能导致主轴振动增大（如轴承磨损），但温升相关故障现象仅涉及冷却系统异常导致的热变形，未明确关联润滑不足与温升的直接联系。,11684,Qwen/Qwen3-8B,5,0,True,,1,1,0,0,auto_prefill,auto_prefill
Q017,关联推理类,润滑不足与主轴温升的关系是什么？,润滑不足-温升-因果链,graph_rag,"结论：润滑不足可能导致主轴温升，但现有资料未直接建立因果关系。
证据链：主轴轴承磨损（部件）→ 润滑不足（原因）→ 振动增大（现象）→ 热变形（现象）。冷却系统异常（原因）与温升相关，但未明确润滑不足直接影响温升。需结合润滑不良导致摩擦增大、散热不足的机理进一步分析。",15022,Qwen/Qwen3-8B,5,0,True,,1,1,0,0,auto_prefill,auto_prefill
Q018,关联推理类,振动增大与轴承寿命之间如何关联？,振动增大-轴承寿命-关系,llm_only,振动增大通常与轴承磨损、不对中或松动相关，会加速疲劳损伤，缩短寿命。过大的振动会导致摩擦热增加，润滑失效，进而引发点蚀、裂纹等故障。建议通过振动监测设备定期检测轴承状态，结合温度、噪声等参数综合分析。若振动超出阈值，需立即停机检查，排查原因如润滑不良、安装误差或轴承损坏，并及时维护或更换。日常应保持清洁润滑，避免过载运行，定期校准对中，可有效延长轴承寿命。,12876,Qwen/Qwen3-8B,0,0,True,,0,0,1,0,auto_prefill,auto_prefill
Q018,关联推理类,振动增大与轴承寿命之间如何关联？,振动增大-轴承寿命-关系,rag_only,根据文档，主轴轴承磨损、损坏或润滑不足是导致主轴振动增大的主要原因。但文档未明确说明振动增大如何直接影响轴承寿命。因此，结论为：证据不足。,14884,Qwen/Qwen3-8B,5,0,True,,1,1,0,0,auto_prefill,auto_prefill
Q018,关联推理类,振动增大与轴承寿命之间如何关联？,振动增大-轴承寿命-关系,graph_rag,"结论：振动增大会加速轴承磨损，缩短寿命。
证据链：主轴轴承（部件）→ 振动明显增大（现象）→ 磨损/润滑不足（原因）→ 检查润滑状态并校准对中（措施）。若振动由联轴器或齿轮箱不对中引发，需同步排查相关部件，但核心仍与轴承劣化相关。",13427,Qwen/Qwen3-8B,5,0,True,,1,1,0,1,auto_prefill,auto_prefill
Q019,关联推理类,冷却液流量不足会如何影响刀具磨损？,冷却液流量不足-刀具磨损-关系,llm_only,冷却液流量不足会导致切削区域散热不良，刀具温度升高，加速扩散磨损和氧化磨损，缩短使用寿命。同时润滑不足会增加刀具与工件的摩擦，引发更严重的磨损。此外，流量不足可能使切屑无法及时被冲走，堆积在刀具前刀面，加剧磨损并导致断刀风险。结论：需确保冷却液流量充足，定期检查泵、过滤器及管路，避免堵塞或泄漏，以维持有效冷却和润滑，降低刀具磨损。,13702,Qwen/Qwen3-8B,0,0,True,,0,0,1,0,auto_prefill,auto_prefill
Q019,关联推理类,冷却液流量不足会如何影响刀具磨损？,冷却液流量不足-刀具磨损-关系,rag_only,证据不足。提供的文档片段未直接说明冷却液流量不足与刀具磨损的关系。虽然提到主轴冷却系统异常可能导致热变形，但未明确冷却液流量不足的具体影响机制或直接关联刀具磨损的结论。需结合其他资料进一步分析。,10833,Qwen/Qwen3-8B,5,0,True,,1,1,0,0,auto_prefill,auto_prefill
Q019,关联推理类,冷却液流量不足会如何影响刀具磨损？,冷却液流量不足-刀具磨损-关系,graph_rag,"结论：冷却液流量不足可能导致刀具磨损加剧，但现有资料未直接说明该因果关系。
证据链：主轴冷却系统异常（现象）→热变形（原因）→间接影响刀具磨损（推测）。
注：文档未明确提及冷却液流量不足与刀具磨损的直接关联，需结合设备手册或更具体工艺参数分析。",12390,Qwen/Qwen3-8B,5,0,True,,1,1,0,0,auto_prefill,auto_prefill
Q020,关联推理类,伺服参数漂移为什么会导致定位误差？,伺服参数漂移-定位误差-关系,llm_only,伺服参数漂移会导致定位误差，主要因参数偏离设计值，影响系统动态响应与控制精度。例如，增益参数漂移可能使系统响应过快或过慢，引发超调、振荡或跟踪滞后；位置环参数偏差会导致反馈信号失真，无法准确校正位置偏差。此外，漂移可能由温度变化、电压波动或机械磨损引起，降低系统稳定性。解决方法包括定期校准参数、监控环境变化并及时调整，以及采用自适应控制或补偿算法。,16531,Qwen/Qwen3-8B,0,0,True,,0,0,1,0,auto_prefill,auto_prefill
Q020,关联推理类,伺服参数漂移为什么会导致定位误差？,伺服参数漂移-定位误差-关系,rag_only,证据不足。提供的文档片段未提及伺服参数漂移与定位误差的直接关联，主要讨论了主轴振动、轴封损坏、数据采集不完整等故障原因及现象，但未涉及伺服系统参数变化对定位精度的影响机制。需补充伺服参数漂移的具体定义、参数类型及与定位误差的关联性说明。,12261,Qwen/Qwen3-8B,5,0,True,,1,1,0,0,auto_prefill,auto_prefill
Q020,关联推理类,伺服参数漂移为什么会导致定位误差？,伺服参数漂移-定位误差-关系,graph_rag,"结论：伺服参数漂移可能导致定位误差，但现有证据不足，无法直接关联。
证据链：未提供伺服参数相关部件或现象描述；文档中仅提及主轴振动、轴封损坏、螺栓松动等故障，未涉及伺服参数变化与定位误差的因果关系。需补充伺服系统参数（如增益、偏置）异常的具体现象及影响机制。",12548,Qwen/Qwen3-8B,5,0,True,,1,1,0,0,auto_prefill,auto_prefill
Q021,故障原因类,主轴启动时异响但运行后减轻，可能是什么原因？,主轴-启动异响-原因,llm_only,"主轴启动异响但运行后减轻，可能原因及处理：。
1. **轴承润滑不足**：启动时摩擦增大，运行后润滑充分噪音降低。检查润滑系统，补充或更换润滑油。
2. **齿轮啮合不良**：初期啮合压力大产生异响，运行后温度升高可能缓解。检查齿轮磨损、对中及啮合间隙。
3. **联轴器松动或对中偏差**：启动瞬间扭矩波动导致振动噪音，运行后稳定。紧固联轴器螺栓并校准对中。
4. **机械部件预紧力不足**：如主轴轴承预紧力过低，启动时松动引发噪音。调整预紧力至标准值。
建议优先检查润滑状态和轴承，必要时进行振动分析或专业检测。",15225,Qwen/Qwen3-8B,0,0,True,,0,0,1,0,auto_prefill,auto_prefill
Q021,故障原因类,主轴启动时异响但运行后减轻，可能是什么原因？,主轴-启动异响-原因,rag_only,"主轴启动异响但运行后减轻，可能原因包括：。
1. **主轴轴承磨损或润滑不足**：启动时润滑膜未形成，摩擦增大导致异响，运行后温度升高润滑条件改善，声音减轻。
2. **联轴器不对中**：启动瞬间因不对中产生冲击性异响，运行后惯性可能部分抵消振动。
3. **刀具夹持松动**：启动时刀具未完全固定，运行后可能因离心力暂时稳定。
建议优先检查轴承润滑状态及联轴器对中情况，确认是否存在磨损或松动。",27432,Qwen/Qwen3-8B,5,0,True,,1,1,0,1,auto_prefill,auto_prefill
Q021,故障原因类,主轴启动时异响但运行后减轻，可能是什么原因？,主轴-启动异响-原因,graph_rag,"结论：主轴启动异响可能由轴承磨损、润滑不足或联轴器不对中引起，需结合具体部件排查。
证据链：。
1. 主轴轴承磨损（原因）→ 振动过大（现象）→ 启动时摩擦异响（现象）→ 检查轴承润滑与磨损状态（措施）。
2. 联轴器不对中（原因）→ 联轴器处异响（现象）→ 启动时负载突变加剧声响（现象）→ 校准联轴器对中性（措施）。
注：文档未明确主轴启动异响与轴承/联轴器的直接关联，建议补充设备运行参数或振动检测数据以确认。",22601,Qwen/Qwen3-8B,5,0,True,,1,1,0,1,auto_prefill,auto_prefill
Q022,故障原因类,轴承座温度波动大但平均值正常，可能是哪类问题？,轴承座-温度波动-原因,llm_only,"轴承座温度波动大但平均值正常，可能由以下原因导致：。
1. **润滑异常**：润滑脂不足、污染或分布不均，导致局部摩擦增大；。
2. **轴承磨损**：滚珠或内外圈损伤引发间歇性摩擦生热；。
3. **负载波动**：设备运行负载不均或突变，引起温度周期性变化；。
4. **冷却系统问题**：冷却液流量不稳定或散热不良；。
5. **传感器故障**：温度传感器接触不良或老化导致误报。
**建议操作**：检查润滑状态及油脂清洁度，观察轴承外观磨损情况，分析负载变化规律，验证冷却系统运行是否稳定，校准或更换温度传感器。若仍异常，需进一步检测轴承内部结构或电机运行状态。",15384,Qwen/Qwen3-8B,0,0,True,,0,0,1,0,auto_prefill,auto_prefill
Q022,故障原因类,轴承座温度波动大但平均值正常，可能是哪类问题？,轴承座-温度波动-原因,rag_only,"轴承座温度波动大但平均值正常，可能原因包括：。
1. **温度传感器故障**：传感器本身存在误差或干扰，导致数值异常波动（文档明确提及）。
2. **轴承润滑不足**：局部润滑不良可能引发瞬时摩擦生热，但整体平均温度未显著偏离。
3. **冷却系统异常**：冷却效率不均可能导致温度局部波动，但平均值仍正常。
4. **负载波动**：设备运行中负载周期性变化可能引起轴承温度短暂波动。
需结合传感器校准、润滑状态及运行参数进一步排查。",28447,Qwen/Qwen3-8B,5,0,True,,1,1,0,0,auto_prefill,auto_prefill
Q022,故障原因类,轴承座温度波动大但平均值正常，可能是哪类问题？,轴承座-温度波动-原因,graph_rag,"结论：轴承座温度波动大但平均值正常，可能由温度传感器异常或轴承润滑不均引起。
证据链：。
- 部件：轴承座。
- 现象：温度波动。
- 原因：1. 温度传感器显示数值异常（CSV故障现象）；2. 轴承润滑不足（数控机床问答对）。
- 措施：校准或更换传感器，检查润滑系统供油稳定性，排查轴承磨损情况。
注：未明确提及温度波动与轴承材料或负载变化的直接关联，需结合其他参数进一步验证。",18269,Qwen/Qwen3-8B,5,0,True,,1,1,0,1,auto_prefill,auto_prefill
Q023,维修措施类,发现冷却液不出水时应该按什么顺序排查？,冷却液-不出水-排查顺序,llm_only,"发现冷却液不出水时，按以下顺序排查：。
1. **检查水泵**：确认水泵是否运转，电源或电路故障可能导致停转。
2. **查看液位**：检查冷却液储液罐液位是否过低，及时补充。
3. **排查水路堵塞**：检查水泵入口滤网、管路及散热器是否有异物或水垢堵塞。
4. **测试散热器**：确认散热器进出口是否畅通，风扇是否正常工作。
5. **检查温控开关**：若水温过高触发保护机制，可能导致水泵停转。
6. **排查泄漏**：检查管路、接头是否有泄漏，导致循环中断。
若以上均正常，需进一步检查控制电路或更换水泵。",16709,Qwen/Qwen3-8B,0,0,True,,0,0,1,0,auto_prefill,auto_prefill
Q023,维修措施类,发现冷却液不出水时应该按什么顺序排查？,冷却液-不出水-排查顺序,rag_only,证据不足。文档未明确提及冷却液不出水的具体排查步骤，仅涉及冷却系统异常、冷却风扇故障及齿轮箱油冷却器等关联内容。建议优先检查冷却液泵是否正常工作、管道是否堵塞或泄漏、水箱液位及循环系统阀门状态，再排查风扇和冷却器相关问题。,13582,Qwen/Qwen3-8B,5,0,True,,1,1,0,0,auto_prefill,auto_prefill
Q023,维修措施类,发现冷却液不出水时应该按什么顺序排查？,冷却液-不出水-排查顺序,graph_rag,"结论：当前证据不足，无法直接确定冷却液不出水的排查顺序，需补充具体设备类型及系统信息。
证据链：发电机冷却风扇（部件）-冷却风扇不转（现象）-冷却风扇故障（原因）-检查电源、电机、风扇叶片及控制电路（措施）；齿轮箱油冷却器（部件）-未提及具体现象-未明确故障原因-无法推导排查步骤。现有资料未覆盖冷却液循环系统完整故障链。",13811,Qwen/Qwen3-8B,5,0,True,,1,1,0,1,auto_prefill,auto_prefill
Q024,维修措施类,主轴振动超限后，停机前后应做哪些检查？,主轴振动超限-检查流程,llm_only,"主轴振动超限停机前后检查步骤：。
**停机前**：确认振动值是否持续超限，检查是否有异响、过热或异常气味。
**停机后**：1. 检查轴承磨损、松动或润滑不良；2. 查看联轴器对中性、键槽磨损；3. 检查主轴轴向定位及径向跳动；4. 观察基础螺栓松动、机架变形；5. 核对设备安装精度及平衡状态。
**处理**：紧固松动部件，更换磨损轴承或联轴器，校正对中与平衡，必要时进行振动频谱分析定位根源。",17608,Qwen/Qwen3-8B,0,0,True,,0,0,1,0,auto_prefill,auto_prefill
Q024,维修措施类,主轴振动超限后，停机前后应做哪些检查？,主轴振动超限-检查流程,rag_only,"停机前后检查要点：。
**停机后**应检查主轴轴承磨损、润滑是否不足、电机联轴器或皮带轮对中情况、刀具夹持是否松动、拉刀机构是否失效、冷却系统是否异常导致热变形，以及地基螺栓是否松动。
**停机前**需确认主轴振动传感器（X/Y/Z向）数据是否正常，检查切削参数是否合理，确保刀具平衡性。
若传感器异常或数据偏差，需优先校准或更换。
（依据文档中主轴振动原因及排查步骤综合整理）。",19868,Qwen/Qwen3-8B,5,0,True,,1,1,0,0,auto_prefill,auto_prefill
Q024,维修措施类,主轴振动超限后，停机前后应做哪些检查？,主轴振动超限-检查流程,graph_rag,"结论：主轴振动超限后，停机前应检查传感器数据、轴承状态、联轴器对中、刀具平衡及夹持情况；停机后需排查冷却系统、地基螺栓和床身水平。
证据链：。
1. 主轴振动传感器（X/Y/Z向）- 振动数值异常 - 轴承磨损/润滑不足 - 更换轴承并润滑。
2. 主轴与电机联轴器 - 不对中 - 联轴器调整校准。
3. 刀具 - 不平衡或夹持松动 - 校正刀具平衡/紧固夹持。
4. 冷却系统 - 异常导致热变形 - 检查冷却液循环及散热。
5. 地基螺栓 - 松动 - 紧固螺栓并重新调平床身。
（注：未提及具体传感器型号，需结合设备实际配置补充检查细节。）。",24787,Qwen/Qwen3-8B,5,0,True,,1,1,0,0,auto_prefill,auto_prefill
Q025,根因追溯类,主轴振动长期偏高最终会带来什么后果？,主轴振动偏高-后果链,llm_only,主轴振动长期偏高会导致加工精度下降，工件表面粗糙度增加，甚至引发尺寸偏差。加速轴承磨损，缩短使用寿命，增加维护成本。可能引发共振，导致设备异常噪音、部件松动或损坏。影响刀具寿命，加剧切削振动，降低生产效率。严重时可能造成主轴断裂或整机停机，存在安全隐患。需及时排查原因，如轴承磨损、转子不平衡、安装误差等，进行校正、更换或调整。定期监测振动值，保持设备稳定运行。,12328,Qwen/Qwen3-8B,0,0,True,,0,0,1,0,auto_prefill,auto_prefill
Q025,根因追溯类,主轴振动长期偏高最终会带来什么后果？,主轴振动偏高-后果链,rag_only,证据不足。文档仅说明主轴振动值超过3.5mm/s属于故障现象，但未提及长期振动偏高的具体后果。需结合其他技术资料或设备维护规范进一步分析。,15340,Qwen/Qwen3-8B,5,0,True,,1,1,0,0,auto_prefill,auto_prefill
Q025,根因追溯类,主轴振动长期偏高最终会带来什么后果？,主轴振动偏高-后果链,graph_rag,"结论：主轴振动长期偏高可能导致轴承磨损加剧、加工精度下降、设备寿命缩短，甚至引发停机事故。
证据链：主轴（部件）- 主轴振动值超过3.5mm/s（现象）- 振动超标可能引发机械疲劳（原因）- 需校准传感器或检查轴系对中（措施）。
（注：当前知识图谱未明确关联振动值与具体后果的因果关系，证据链存在缺失，建议补充故障机理数据以增强结论可靠性。）。",16674,Qwen/Qwen3-8B,5,0,True,,1,1,0,1,auto_prefill,auto_prefill
Q026,根因追溯类,如果主轴轴承缺脂，会逐步出现哪些症状？,主轴轴承缺脂-症状链,llm_only,"主轴轴承缺脂会逐步出现以下症状：。
1. **温度异常升高**：润滑不足导致摩擦增大，轴承温度快速上升。
2. **异常噪音**：出现干摩擦声或金属刮擦声，运转不平稳。
3. **振动加剧**：润滑失效引发轴承失衡，主轴振动明显增大。
4. **精度下降**：摩擦和振动导致加工精度降低，表面粗糙度增加。
5. **磨损加速**：金属间直接接触加速磨损，缩短轴承寿命。
6. **卡死风险**：严重缺脂可能引发轴承卡死，导致设备停机。
7. **密封失效**：高温加速密封件老化，可能造成漏油或污染。
**结论**：定期检查润滑状态，及时补充脂量，避免长时间低脂运行，确保轴承正常工作。",18755,Qwen/Qwen3-8B,0,0,True,,0,0,1,0,auto_prefill,auto_prefill
Q026,根因追溯类,如果主轴轴承缺脂，会逐步出现哪些症状？,主轴轴承缺脂-症状链,rag_only,"证据不足。文档未明确描述主轴轴承缺脂的具体症状，仅提及""主轴轴承磨损""为故障模式，且未关联缺脂与磨损的因果关系或症状发展过程。需更多技术资料支持。",10612,Qwen/Qwen3-8B,5,0,True,,1,1,0,0,auto_prefill,auto_prefill
Q026,根因追溯类,如果主轴轴承缺脂，会逐步出现哪些症状？,主轴轴承缺脂-症状链,graph_rag,"结论：主轴轴承缺脂会导致润滑不足，逐步引发振动过大、温度升高及噪音异常等现象。
证据链：。
- 部件：主轴轴承。
- 现象：振动过大（《金风3MW风机维修手册》指出主轴轴承磨损会导致振动异常）。
- 原因：润滑不足（缺脂直接导致轴承摩擦增大）。
- 措施：补充适量润滑脂并检查密封性。
（注：温度升高及噪音异常为常见关联症状，但未在知识库中明确提及，需结合实际经验判断。）。",15479,Qwen/Qwen3-8B,5,0,True,,1,1,0,1,auto_prefill,auto_prefill
Q027,关联推理类,冷却不良与热变形对加工尺寸误差的影响链路是什么？,冷却不良-热变形-尺寸误差,llm_only,冷却不良导致工件或刀具温度升高，引发热变形。热变形使工件尺寸发生不可逆变化（如膨胀或收缩），直接造成加工尺寸误差。同时，刀具高温加剧磨损，改变切削参数，间接影响加工精度。温度分布不均还会导致工件内部应力集中，产生形状畸变。因此，冷却不良通过热变形和刀具磨损两条路径影响加工尺寸误差，需优化冷却系统以维持温度稳定，减少热应力积累，确保加工精度。,12669,Qwen/Qwen3-8B,0,0,True,,0,0,1,0,auto_prefill,auto_prefill
Q027,关联推理类,冷却不良与热变形对加工尺寸误差的影响链路是什么？,冷却不良-热变形-尺寸误差,rag_only,冷却不良导致主轴冷却系统异常（如冷却风扇故障），引发热变形。热变形会使机床部件膨胀或几何精度偏移，直接导致加工尺寸误差。此链路在文档中明确提及（主轴冷却系统异常→热变形→加工尺寸误差）。其他冷却相关故障（如齿轮箱冷却器堵塞、发电机风扇故障）可能间接影响机床整体热稳定性，但文档未直接关联至加工尺寸误差。结论：冷却不良通过热变形影响加工尺寸精度，但需结合具体设备结构分析。,16143,Qwen/Qwen3-8B,5,0,True,,1,1,0,0,auto_prefill,auto_prefill
Q027,关联推理类,冷却不良与热变形对加工尺寸误差的影响链路是什么？,冷却不良-热变形-尺寸误差,graph_rag,"结论：冷却不良导致热变形，进而引发加工尺寸误差。
证据链：。
1. 冷却风扇故障（部件）→ 散热不良（现象）→ 主轴/部件热变形（原因）→ 定位精度下降/尺寸偏差（措施）。
2. 齿轮箱冷却器堵塞（部件）→ 散热不足（现象）→ 整机温度升高（原因）→ 机床几何精度变化（措施）。
注：文档未明确热变形与尺寸误差的直接关联，需结合机床热膨胀原理推断。",20347,Qwen/Qwen3-8B,5,0,True,,1,1,0,1,auto_prefill,auto_prefill
Q028,关联推理类,刀具磨损和主轴负载升高之间可能存在什么关系？,刀具磨损-负载升高-关系,llm_only,刀具磨损会导致切削力增大，进而增加主轴负载。磨损刀具的切削效率下降，需更大功率维持加工，可能引发主轴过载、振动或温度升高。建议：1. 定期检测刀具磨损状态（如使用磨损监测系统）；2. 根据磨损情况及时更换刀具；3. 优化切削参数（转速、进给量）以降低负载。磨损与负载呈正相关，需通过监控和维护平衡两者关系。,15374,Qwen/Qwen3-8B,0,0,True,,0,0,1,0,auto_prefill,auto_prefill
Q028,关联推理类,刀具磨损和主轴负载升高之间可能存在什么关系？,刀具磨损-负载升高-关系,rag_only,证据不足。文档未明确提及刀具磨损与主轴负载升高的直接关联。主轴负载升高可能由切削参数不当、轴承磨损、冷却系统异常等因素引起，但刀具磨损的影响未在提供的资料中体现。需结合其他数据进一步分析两者关系。,17098,Qwen/Qwen3-8B,5,0,True,,1,1,0,0,auto_prefill,auto_prefill
Q028,关联推理类,刀具磨损和主轴负载升高之间可能存在什么关系？,刀具磨损-负载升高-关系,graph_rag,"结论：刀具磨损可能导致主轴负载升高，但需结合具体工况分析。
证据链：刀具磨损（部件）→ 切削力增大（现象）→ 主轴负载升高（现象）→ 切削参数不当或刀具夹持松动（原因）。
（注：文档未直接说明刀具磨损与主轴负载的因果关系，仅提及切削参数不当导致过载，故结论为推测性关联。）。",16534,Qwen/Qwen3-8B,5,0,True,,1,1,0,0,auto_prefill,auto_prefill
Q029,关联推理类,主轴偏心与表面粗糙度恶化之间如何关联？,主轴偏心-粗糙度恶化-关系,llm_only,主轴偏心会导致旋转不平衡，引发振动和切削力波动，直接引起表面粗糙度恶化。偏心使刀具或工件在加工过程中产生周期性径向位移，导致切削路径不规则，形成波纹或振痕。此外，偏心加剧轴承磨损，降低主轴刚性，进一步放大振动影响。解决措施包括：校正主轴同心度，检查轴承磨损并更换；定期维护主轴组件，确保装配精度；使用动平衡检测设备排查旋转部件异常。结论：主轴偏心通过振动和切削力不均导致表面粗糙度恶化，需通过校准、维护和检测及时干预。,19777,Qwen/Qwen3-8B,0,0,True,,0,0,1,0,auto_prefill,auto_prefill
Q029,关联推理类,主轴偏心与表面粗糙度恶化之间如何关联？,主轴偏心-粗糙度恶化-关系,rag_only,证据不足。提供的文档片段仅列出主轴、主轴轴承及振动传感器等设备名称和分类，未涉及主轴偏心与表面粗糙度之间的具体关联机制或数据支持。需进一步分析设备运行参数、振动数据与加工质量的关系才能建立关联。,9704,Qwen/Qwen3-8B,5,0,True,,1,1,0,0,auto_prefill,auto_prefill
Q029,关联推理类,主轴偏心与表面粗糙度恶化之间如何关联？,主轴偏心-粗糙度恶化-关系,graph_rag,"结论：主轴偏心会导致旋转振动加剧，进而引发表面粗糙度恶化。
证据链：主轴（偏心）→主轴振动传感器X/Y/Z向（检测异常振动）→切削过程不稳定→表面粗糙度恶化。
措施：校准主轴同心度、检查轴承磨损、安装振动传感器实时监控。
（注：文档未直接关联表面粗糙度数据，结论基于机械原理推断。）。",19433,Qwen/Qwen3-8B,5,0,True,,1,1,0,0,auto_prefill,auto_prefill
Q030,关联推理类,润滑油粘度异常会如何影响轴承温升和振动？,润滑油粘度异常-温升振动-关系,llm_only,润滑油粘度异常会显著影响轴承性能。粘度偏高时，流动性差导致润滑膜厚度不足，摩擦阻力增大，引发温升和振动；粘度偏低则无法形成有效润滑膜，加剧摩擦磨损，同样导致温升和振动。两者均会缩短轴承寿命，增加故障风险。建议定期检测润滑油粘度，确保其在标准范围内，及时更换或调整以维持正常润滑状态。,13753,Qwen/Qwen3-8B,0,0,True,,0,0,1,0,auto_prefill,auto_prefill
Q030,关联推理类,润滑油粘度异常会如何影响轴承温升和振动？,润滑油粘度异常-温升振动-关系,rag_only,证据不足。文档未直接提及润滑油粘度异常对轴承温升和振动的具体影响。但根据润滑不足会导致主轴轴承磨损、振动过大的结论，可推测粘度异常可能间接引发类似问题。粘度过高可能增加摩擦阻力，导致温升和振动；粘度过低则可能无法形成有效润滑膜，加剧磨损并引发振动。需结合具体润滑条件分析。,14691,Qwen/Qwen3-8B,5,0,True,,1,1,0,0,auto_prefill,auto_prefill
Q030,关联推理类,润滑油粘度异常会如何影响轴承温升和振动？,润滑油粘度异常-温升振动-关系,graph_rag,"结论：润滑油粘度异常会导致轴承温升过高和振动加剧。
证据链：偏航轴承润滑不良（润滑油不足/变质）→ 润滑失效 → 轴承摩擦增大 → 温升异常与振动增强。
注：文档未明确提及粘度异常，但润滑不良与粘度变化存在关联性，推断基于润滑失效的已知影响。",15523,Qwen/Qwen3-8B,5,0,True,,1,1,0,0,auto_prefill,auto_prefill
Q031,无关问题类,今天天气怎么样？,N/A,llm_only,当前无法提供实时天气信息。建议您通过以下方式获取最新天气情况：1. 打开手机天气应用；2. 访问权威气象网站（如中国天气网）；3. 查看当地新闻或社交媒体发布的天气预警。若涉及工业设备运行受影响的场景，请补充具体设备类型和地理位置，我将提供针对性建议。注意：天气变化可能影响设备散热、电力供应等，建议提前做好防护措施。,12209,Qwen/Qwen3-8B,0,0,True,,1,0,0,0,auto_prefill,auto_prefill
Q031,无关问题类,今天天气怎么样？,N/A,rag_only,证据不足。提供的文档片段仅包含工业设备故障原因及模式信息，未提及具体天气情况。无法根据现有资料判断今日天气，建议用户查询实时气象数据或天气预报服务获取准确信息。,7340,Qwen/Qwen3-8B,5,0,True,,1,1,0,0,auto_prefill,auto_prefill
Q031,无关问题类,今天天气怎么样？,N/A,graph_rag,"结论：无法回答当前天气情况，因知识图谱未提供实时气象数据。
证据链：无直接关联部件-现象-原因-措施的天气数据。文档仅包含历史故障关联性（如雷雨/低温天气与叶片雷击、结冰的关联），但未涉及今日具体气象信息。需用户提供具体日期或参考气象预报才能分析天气对设备的影响。",11155,Qwen/Qwen3-8B,5,0,True,,1,1,0,0,auto_prefill,auto_prefill
Q032,无关问题类,请推荐一部科幻电影。,N/A,llm_only,推荐《银翼杀手》（Blade Runner，1982）。导演雷德利·斯科特以赛博朋克美学构建了雨夜霓虹的反乌托邦世界，通过复制人与人类的伦理困境，探讨人工智能、记忆与存在本质。电影视觉风格独特，雨中追逐、仿生人情感觉醒等场景成为科幻经典。若偏好硬核科幻，可选《盗梦空间》或《星际穿越》；若追求哲学深度，此片最佳。,19573,Qwen/Qwen3-8B,0,0,True,,0,0,1,0,auto_prefill,auto_prefill
Q032,无关问题类,请推荐一部科幻电影。,N/A,rag_only,证据不足。提供的文档片段仅涉及工业设备故障诊断、机械系统搭建等技术内容，未提及任何科幻电影相关信息。,4790,Qwen/Qwen3-8B,5,0,True,,0,1,1,0,auto_prefill,auto_prefill
Q032,无关问题类,请推荐一部科幻电影。,N/A,graph_rag,"结论：当前提供的上下文与科幻电影推荐无直接关联，无法基于现有信息给出推荐。
证据链：文档内容聚焦工业设备故障诊断（如数控机床主轴振动、电机/电缆材料属性），未涉及电影题材或推荐信息。知识图谱三元组为空，缺乏影视作品相关数据支撑。若需工业主题科幻电影，可考虑《机械姬》（Ex Machina）或《钢铁侠》系列。",14746,Qwen/Qwen3-8B,5,0,True,,1,1,0,0,auto_prefill,auto_prefill
Q033,无关问题类,北京到上海高铁票价多少？,N/A,llm_only,北京至上海高铁二等座票价为553元，一等座933元，商务座1530元（以最新公布为准）。实际价格可能因购票时间、优惠活动或车型差异略有浮动。建议通过12306官网或App查询实时票价，并提前购票享受折扣。若使用积分或会员卡，还可叠加优惠。注意节假日或高峰期票价可能上浮，出行前请确认具体车次及票价信息。,16929,Qwen/Qwen3-8B,0,0,True,,0,0,1,0,auto_prefill,auto_prefill
Q033,无关问题类,北京到上海高铁票价多少？,N/A,rag_only,证据不足。提供的文档片段仅涉及工业设备、维修工具、故障现象及报警码等技术领域信息，未包含任何与高铁票价相关的数据。无法回答北京到上海高铁票价问题。,11130,Qwen/Qwen3-8B,5,0,True,,1,1,0,0,auto_prefill,auto_prefill
Q033,无关问题类,北京到上海高铁票价多少？,N/A,graph_rag,"结论：无法提供北京到上海高铁票价信息，当前知识库未包含相关数据。
证据链：问题涉及交通票价，而提供的文档片段仅包含工业设备（风机整机、高速轴刹车系统）及维修工具（高压水枪）、故障报警码（变频器故障报警）等信息，无高铁票价相关数据支持。",15716,Qwen/Qwen3-8B,5,0,True,,1,1,0,0,auto_prefill,auto_prefill
Q034,无关问题类,帮我写一首爱情诗。,N/A,llm_only,我专注于工业设备故障解答，无法创作诗歌。建议您使用诗歌创作工具或参考文学作品获取灵感。若需设备维护、故障诊断等技术支持，请提供具体问题描述，我将为您分析解决方案。,12323,Qwen/Qwen3-8B,0,0,True,,1,0,0,0,auto_prefill,auto_prefill
Q034,无关问题类,帮我写一首爱情诗。,N/A,rag_only,"证据不足。提供的文档片段仅包含工业机械故障诊断相关技术内容，未涉及爱情诗创作所需的情感表达、文学元素或主题数据。无法基于工业设备故障模式（如""机舱罩损坏""）等技术性描述生成爱情诗。建议用户提供文学创作相关的提示或转向诗歌创作类资源。",10920,Qwen/Qwen3-8B,5,0,True,,1,1,0,0,auto_prefill,auto_prefill
Q034,无关问题类,帮我写一首爱情诗。,N/A,graph_rag,"结论：当前工业设备故障相关资料无法支撑爱情诗创作，建议提供文学创作相关数据或转向情感类主题。
证据链：。
- 文档内容仅包含机械故障模式（机舱罩损坏）及RAG系统搭建技术细节。
- 无任何与爱情、情感表达相关的知识图谱三元组或文档片段。
- 所有数据集指向工业故障诊断领域，未涉及人文主题。
- 系统架构描述聚焦于技术实现，未包含文学创作要素。",13495,Qwen/Qwen3-8B,5,0,True,,1,1,0,0,auto_prefill,auto_prefill
Q035,无关问题类,世界杯冠军是谁？,N/A,llm_only,"您的问题与工业设备故障无关，我无法提供相关信息。如需了解工业设备技术、维护或故障排查，请具体描述设备类型、问题现象或错误代码，我将为您分析并给出解决方案。例如：""离心泵振动过大如何处理？""或""变频器报F001故障代码原因？""等。请确保问题符合工业设备领域，以便获得有效帮助。",11394,Qwen/Qwen3-8B,0,0,True,,1,0,0,0,auto_prefill,auto_prefill
Q035,无关问题类,世界杯冠军是谁？,N/A,rag_only,证据不足。提供的文档片段仅涉及工业设备故障现象及维修步骤，未提及任何与世界杯冠军相关的信息。建议提问与工业设备故障诊断或维修相关的问题。,8921,Qwen/Qwen3-8B,5,0,True,,0,1,1,0,auto_prefill,auto_prefill
Q035,无关问题类,世界杯冠军是谁？,N/A,graph_rag,"结论：当前知识库中无世界杯冠军相关信息，无法回答。
证据链：工业设备故障知识库仅包含人机界面故障现象（黑屏/无响应）及维修步骤（检查油位、试运行），未涉及体育赛事或世界杯相关内容。用户问题超出设备维护范畴，建议提供具体设备或故障场景。",10208,Qwen/Qwen3-8B,5,0,True,,1,1,0,0,auto_prefill,auto_prefill
