源节点,关系类型,目标节点,文档说明
主轴系统,包含,主轴,数控机床主轴系统故障诊断手册.docx
进给系统,包含,主轴轴承,数控机床进给系统维护手册.docx
刀库换刀系统,包含,主轴电机,ATC刀库与换刀机构检修指南.docx
液压系统,包含,主轴编码器,液压与润滑系统点检标准.docx
润滑系统,包含,X轴丝杠,伺服驱动调试与报警处理指南.docx
冷却系统,包含,Y轴丝杠,CNC系统与电气故障排查手册.docx
伺服驱动系统,包含,Z轴丝杠,切削工艺异常与质量控制手册.docx
数控系统,包含,X轴导轨,数控机床主轴系统故障诊断手册.docx
电气控制系统,包含,Y轴导轨,数控机床进给系统维护手册.docx
排屑系统,包含,Z轴导轨,ATC刀库与换刀机构检修指南.docx
主轴系统,包含,刀库,液压与润滑系统点检标准.docx
进给系统,包含,机械手,伺服驱动调试与报警处理指南.docx
刀库换刀系统,包含,刀盘,CNC系统与电气故障排查手册.docx
液压系统,包含,换刀电机,切削工艺异常与质量控制手册.docx
润滑系统,包含,液压泵,数控机床主轴系统故障诊断手册.docx
冷却系统,包含,溢流阀,数控机床进给系统维护手册.docx
伺服驱动系统,包含,电磁阀,ATC刀库与换刀机构检修指南.docx
数控系统,包含,液压滤芯,液压与润滑系统点检标准.docx
电气控制系统,包含,润滑泵,伺服驱动调试与报警处理指南.docx
排屑系统,包含,分配器,CNC系统与电气故障排查手册.docx
主轴系统,包含,润滑管路,切削工艺异常与质量控制手册.docx
进给系统,包含,冷却泵,数控机床主轴系统故障诊断手册.docx
刀库换刀系统,包含,冷却液箱,数控机床进给系统维护手册.docx
液压系统,包含,流量开关,ATC刀库与换刀机构检修指南.docx
润滑系统,包含,伺服驱动器,液压与润滑系统点检标准.docx
冷却系统,包含,伺服电机,伺服驱动调试与报警处理指南.docx
伺服驱动系统,包含,编码器反馈线,CNC系统与电气故障排查手册.docx
数控系统,包含,制动电阻,切削工艺异常与质量控制手册.docx
电气控制系统,包含,CNC主板,数控机床主轴系统故障诊断手册.docx
排屑系统,包含,NC参数区,数控机床进给系统维护手册.docx
主轴系统,包含,PMC程序,ATC刀库与换刀机构检修指南.docx
进给系统,包含,I/O模块,液压与润滑系统点检标准.docx
刀库换刀系统,包含,24V电源,伺服驱动调试与报警处理指南.docx
液压系统,包含,主接触器,CNC系统与电气故障排查手册.docx
润滑系统,包含,接地系统,切削工艺异常与质量控制手册.docx
冷却系统,包含,限位开关,数控机床主轴系统故障诊断手册.docx
伺服驱动系统,包含,急停回路,数控机床进给系统维护手册.docx
数控系统,包含,排屑机,ATC刀库与换刀机构检修指南.docx
电气控制系统,包含,链板,液压与润滑系统点检标准.docx
排屑系统,包含,排屑电机,伺服驱动调试与报警处理指南.docx
主轴,表现为,振动过大,数控机床主轴系统故障诊断手册.docx
振动过大,可能原因,轴承磨损,数控机床主轴系统故障诊断手册.docx
轴承磨损,措施是,更换轴承并复测振动,数控机床主轴系统故障诊断手册.docx
主轴,需检查,轴承磨损,数控机床主轴系统故障诊断手册.docx
主轴,表现为,定位误差增大,液压与润滑系统点检标准.docx
定位误差增大,可能原因,冷却液污染,液压与润滑系统点检标准.docx
冷却液污染,措施是,校正联轴器同轴度,液压与润滑系统点检标准.docx
主轴,需检查,冷却液污染,液压与润滑系统点检标准.docx
主轴,表现为,表面粗糙度恶化,切削工艺异常与质量控制手册.docx
表面粗糙度恶化,可能原因,导轨磨损,切削工艺异常与质量控制手册.docx
导轨磨损,措施是,检修液压阀组并清除卡滞,切削工艺异常与质量控制手册.docx
主轴,需检查,导轨磨损,切削工艺异常与质量控制手册.docx
主轴,表现为,液压压力不足,ATC刀库与换刀机构检修指南.docx
液压压力不足,可能原因,编码器信号异常,ATC刀库与换刀机构检修指南.docx
编码器信号异常,措施是,更换轴承并复测振动,ATC刀库与换刀机构检修指南.docx
主轴,需检查,编码器信号异常,ATC刀库与换刀机构检修指南.docx
主轴,表现为,伺服过热报警,CNC系统与电气故障排查手册.docx
伺服过热报警,可能原因,滤芯堵塞,CNC系统与电气故障排查手册.docx
滤芯堵塞,措施是,校正联轴器同轴度,CNC系统与电气故障排查手册.docx
主轴,需检查,滤芯堵塞,CNC系统与电气故障排查手册.docx
主轴,表现为,系统黑屏,数控机床进给系统维护手册.docx
系统黑屏,可能原因,电机过载,数控机床进给系统维护手册.docx
电机过载,措施是,检修液压阀组并清除卡滞,数控机床进给系统维护手册.docx
主轴,需检查,电机过载,数控机床进给系统维护手册.docx
主轴,表现为,排屑机卡滞,伺服驱动调试与报警处理指南.docx
排屑机卡滞,可能原因,电源波动,伺服驱动调试与报警处理指南.docx
电源波动,措施是,更换轴承并复测振动,伺服驱动调试与报警处理指南.docx
主轴,需检查,电源波动,伺服驱动调试与报警处理指南.docx
主轴轴承,表现为,异常噪声,液压与润滑系统点检标准.docx
异常噪声,可能原因,冷却回路堵塞,液压与润滑系统点检标准.docx
冷却回路堵塞,措施是,修复导轨并重新标定精度,液压与润滑系统点检标准.docx
主轴轴承,需检查,冷却回路堵塞,液压与润滑系统点检标准.docx
主轴轴承,表现为,加工尺寸漂移,切削工艺异常与质量控制手册.docx
加工尺寸漂移,可能原因,联轴器不同心,切削工艺异常与质量控制手册.docx
联轴器不同心,措施是,更换液压滤芯并检测压力,切削工艺异常与质量控制手册.docx
主轴轴承,需检查,联轴器不同心,切削工艺异常与质量控制手册.docx
主轴轴承,表现为,回零失败,ATC刀库与换刀机构检修指南.docx
回零失败,可能原因,传感器失效,ATC刀库与换刀机构检修指南.docx
传感器失效,措施是,清理异物并恢复机构运动,ATC刀库与换刀机构检修指南.docx
主轴轴承,需检查,传感器失效,ATC刀库与换刀机构检修指南.docx
主轴轴承,表现为,润滑报警,CNC系统与电气故障排查手册.docx
润滑报警,可能原因,阀芯卡滞,CNC系统与电气故障排查手册.docx
阀芯卡滞,措施是,修复导轨并重新标定精度,CNC系统与电气故障排查手册.docx
主轴轴承,需检查,阀芯卡滞,CNC系统与电气故障排查手册.docx
主轴轴承,表现为,跟随误差过大,数控机床进给系统维护手册.docx
跟随误差过大,可能原因,散热不良,数控机床进给系统维护手册.docx
散热不良,措施是,更换液压滤芯并检测压力,数控机床进给系统维护手册.docx
主轴轴承,需检查,散热不良,数控机床进给系统维护手册.docx
主轴轴承,表现为,急停报警,伺服驱动调试与报警处理指南.docx
急停报警,可能原因,异物卡阻,伺服驱动调试与报警处理指南.docx
异物卡阻,措施是,清理异物并恢复机构运动,伺服驱动调试与报警处理指南.docx
主轴轴承,需检查,异物卡阻,伺服驱动调试与报警处理指南.docx
主轴电机,表现为,温升过高,液压与润滑系统点检标准.docx
温升过高,可能原因,丝杠反向间隙过大,液压与润滑系统点检标准.docx
丝杠反向间隙过大,措施是,调整丝杠预紧并做反向补偿,液压与润滑系统点检标准.docx
主轴电机,需检查,丝杠反向间隙过大,液压与润滑系统点检标准.docx
主轴电机,表现为,重复定位精度下降,切削工艺异常与质量控制手册.docx
重复定位精度下降,可能原因,参数漂移,切削工艺异常与质量控制手册.docx
参数漂移,措施是,紧固端子并复查接线,切削工艺异常与质量控制手册.docx
主轴电机,需检查,参数漂移,切削工艺异常与质量控制手册.docx
主轴电机,表现为,换刀超时报警,ATC刀库与换刀机构检修指南.docx
换刀超时报警,可能原因,接线松动,ATC刀库与换刀机构检修指南.docx
接线松动,措施是,稳压供电并检测电网波动,ATC刀库与换刀机构检修指南.docx
主轴电机,需检查,接线松动,ATC刀库与换刀机构检修指南.docx
主轴电机,表现为,流量不足,CNC系统与电气故障排查手册.docx
流量不足,可能原因,泵效率下降,CNC系统与电气故障排查手册.docx
泵效率下降,措施是,调整丝杠预紧并做反向补偿,CNC系统与电气故障排查手册.docx
主轴电机,需检查,泵效率下降,CNC系统与电气故障排查手册.docx
主轴电机,表现为,过流报警,数控机床进给系统维护手册.docx
过流报警,可能原因,地线接触不良,数控机床进给系统维护手册.docx
地线接触不良,措施是,紧固端子并复查接线,数控机床进给系统维护手册.docx
主轴电机,需检查,地线接触不良,数控机床进给系统维护手册.docx
主轴电机,表现为,通信异常,伺服驱动调试与报警处理指南.docx
通信异常,可能原因,轴承磨损,伺服驱动调试与报警处理指南.docx
轴承磨损,措施是,稳压供电并检测电网波动,伺服驱动调试与报警处理指南.docx
主轴电机,需检查,轴承磨损,伺服驱动调试与报警处理指南.docx
主轴电机,表现为,主轴停转,数控机床主轴系统故障诊断手册.docx
主轴停转,可能原因,冷却液污染,数控机床主轴系统故障诊断手册.docx
冷却液污染,措施是,调整丝杠预紧并做反向补偿,数控机床主轴系统故障诊断手册.docx
主轴电机,需检查,冷却液污染,数控机床主轴系统故障诊断手册.docx
主轴编码器,表现为,振动过大,液压与润滑系统点检标准.docx
振动过大,可能原因,导轨磨损,液压与润滑系统点检标准.docx
导轨磨损,措施是,清洗冷却管路并更换冷却液,液压与润滑系统点检标准.docx
主轴编码器,需检查,导轨磨损,液压与润滑系统点检标准.docx
主轴编码器,表现为,定位误差增大,切削工艺异常与质量控制手册.docx
定位误差增大,可能原因,编码器信号异常,切削工艺异常与质量控制手册.docx
编码器信号异常,措施是,更换失效传感器,切削工艺异常与质量控制手册.docx
主轴编码器,需检查,编码器信号异常,切削工艺异常与质量控制手册.docx
主轴编码器,表现为,表面粗糙度恶化,ATC刀库与换刀机构检修指南.docx
表面粗糙度恶化,可能原因,滤芯堵塞,ATC刀库与换刀机构检修指南.docx
滤芯堵塞,措施是,重做接地与屏蔽,ATC刀库与换刀机构检修指南.docx
主轴编码器,需检查,滤芯堵塞,ATC刀库与换刀机构检修指南.docx
主轴编码器,表现为,液压压力不足,CNC系统与电气故障排查手册.docx
液压压力不足,可能原因,电机过载,CNC系统与电气故障排查手册.docx
电机过载,措施是,清洗冷却管路并更换冷却液,CNC系统与电气故障排查手册.docx
主轴编码器,需检查,电机过载,CNC系统与电气故障排查手册.docx
主轴编码器,表现为,伺服过热报警,数控机床进给系统维护手册.docx
伺服过热报警,可能原因,电源波动,数控机床进给系统维护手册.docx
电源波动,措施是,更换失效传感器,数控机床进给系统维护手册.docx
主轴编码器,需检查,电源波动,数控机床进给系统维护手册.docx
主轴编码器,表现为,系统黑屏,伺服驱动调试与报警处理指南.docx
系统黑屏,可能原因,润滑不足,伺服驱动调试与报警处理指南.docx
润滑不足,措施是,重做接地与屏蔽,伺服驱动调试与报警处理指南.docx
主轴编码器,需检查,润滑不足,伺服驱动调试与报警处理指南.docx
主轴编码器,表现为,排屑机卡滞,数控机床主轴系统故障诊断手册.docx
排屑机卡滞,可能原因,冷却回路堵塞,数控机床主轴系统故障诊断手册.docx
冷却回路堵塞,措施是,清洗冷却管路并更换冷却液,数控机床主轴系统故障诊断手册.docx
主轴编码器,需检查,冷却回路堵塞,数控机床主轴系统故障诊断手册.docx
X轴丝杠,表现为,异常噪声,切削工艺异常与质量控制手册.docx
异常噪声,可能原因,传感器失效,切削工艺异常与质量控制手册.docx
传感器失效,措施是,检修编码器及反馈线缆,切削工艺异常与质量控制手册.docx
X轴丝杠,需检查,传感器失效,切削工艺异常与质量控制手册.docx
X轴丝杠,表现为,加工尺寸漂移,ATC刀库与换刀机构检修指南.docx
加工尺寸漂移,可能原因,阀芯卡滞,ATC刀库与换刀机构检修指南.docx
阀芯卡滞,措施是,降低负载并改善散热,ATC刀库与换刀机构检修指南.docx
X轴丝杠,需检查,阀芯卡滞,ATC刀库与换刀机构检修指南.docx
X轴丝杠,表现为,回零失败,CNC系统与电气故障排查手册.docx
回零失败,可能原因,散热不良,CNC系统与电气故障排查手册.docx
散热不良,措施是,清洗润滑回路并更换滤芯,CNC系统与电气故障排查手册.docx
X轴丝杠,需检查,散热不良,CNC系统与电气故障排查手册.docx
X轴丝杠,表现为,润滑报警,数控机床进给系统维护手册.docx
润滑报警,可能原因,异物卡阻,数控机床进给系统维护手册.docx
异物卡阻,措施是,检修编码器及反馈线缆,数控机床进给系统维护手册.docx
X轴丝杠,需检查,异物卡阻,数控机床进给系统维护手册.docx
X轴丝杠,表现为,跟随误差过大,伺服驱动调试与报警处理指南.docx
跟随误差过大,可能原因,润滑油污染,伺服驱动调试与报警处理指南.docx
润滑油污染,措施是,降低负载并改善散热,伺服驱动调试与报警处理指南.docx
X轴丝杠,需检查,润滑油污染,伺服驱动调试与报警处理指南.docx
X轴丝杠,表现为,急停报警,数控机床主轴系统故障诊断手册.docx
急停报警,可能原因,丝杠反向间隙过大,数控机床主轴系统故障诊断手册.docx
丝杠反向间隙过大,措施是,清洗润滑回路并更换滤芯,数控机床主轴系统故障诊断手册.docx
X轴丝杠,需检查,丝杠反向间隙过大,数控机床主轴系统故障诊断手册.docx
Y轴丝杠,表现为,温升过高,切削工艺异常与质量控制手册.docx
温升过高,可能原因,接线松动,切削工艺异常与质量控制手册.docx
接线松动,措施是,恢复驱动参数并重新整定,切削工艺异常与质量控制手册.docx
Y轴丝杠,需检查,接线松动,切削工艺异常与质量控制手册.docx
Y轴丝杠,表现为,重复定位精度下降,ATC刀库与换刀机构检修指南.docx
重复定位精度下降,可能原因,泵效率下降,ATC刀库与换刀机构检修指南.docx
泵效率下降,措施是,检修泵组并测试流量,ATC刀库与换刀机构检修指南.docx
Y轴丝杠,需检查,泵效率下降,ATC刀库与换刀机构检修指南.docx
Y轴丝杠,表现为,换刀超时报警,CNC系统与电气故障排查手册.docx
换刀超时报警,可能原因,地线接触不良,CNC系统与电气故障排查手册.docx
地线接触不良,措施是,补充润滑并校验供油周期,CNC系统与电气故障排查手册.docx
Y轴丝杠,需检查,地线接触不良,CNC系统与电气故障排查手册.docx
Y轴丝杠,表现为,流量不足,数控机床进给系统维护手册.docx
流量不足,可能原因,轴承磨损,数控机床进给系统维护手册.docx
轴承磨损,措施是,恢复驱动参数并重新整定,数控机床进给系统维护手册.docx
Y轴丝杠,需检查,轴承磨损,数控机床进给系统维护手册.docx
Y轴丝杠,表现为,过流报警,伺服驱动调试与报警处理指南.docx
过流报警,可能原因,冷却液污染,伺服驱动调试与报警处理指南.docx
冷却液污染,措施是,检修泵组并测试流量,伺服驱动调试与报警处理指南.docx
Y轴丝杠,需检查,冷却液污染,伺服驱动调试与报警处理指南.docx
Y轴丝杠,表现为,通信异常,数控机床主轴系统故障诊断手册.docx
通信异常,可能原因,导轨磨损,数控机床主轴系统故障诊断手册.docx
导轨磨损,措施是,补充润滑并校验供油周期,数控机床主轴系统故障诊断手册.docx
Y轴丝杠,需检查,导轨磨损,数控机床主轴系统故障诊断手册.docx
Y轴丝杠,表现为,主轴停转,液压与润滑系统点检标准.docx
主轴停转,可能原因,编码器信号异常,液压与润滑系统点检标准.docx
编码器信号异常,措施是,恢复驱动参数并重新整定,液压与润滑系统点检标准.docx
Y轴丝杠,需检查,编码器信号异常,液压与润滑系统点检标准.docx
Z轴丝杠,表现为,振动过大,切削工艺异常与质量控制手册.docx
振动过大,可能原因,滤芯堵塞,切削工艺异常与质量控制手册.docx
滤芯堵塞,措施是,校正联轴器同轴度,切削工艺异常与质量控制手册.docx
Z轴丝杠,需检查,滤芯堵塞,切削工艺异常与质量控制手册.docx
Z轴丝杠,表现为,定位误差增大,ATC刀库与换刀机构检修指南.docx
定位误差增大,可能原因,电机过载,ATC刀库与换刀机构检修指南.docx
电机过载,措施是,检修液压阀组并清除卡滞,ATC刀库与换刀机构检修指南.docx
Z轴丝杠,需检查,电机过载,ATC刀库与换刀机构检修指南.docx
Z轴丝杠,表现为,表面粗糙度恶化,CNC系统与电气故障排查手册.docx
表面粗糙度恶化,可能原因,电源波动,CNC系统与电气故障排查手册.docx
电源波动,措施是,更换轴承并复测振动,CNC系统与电气故障排查手册.docx
Z轴丝杠,需检查,电源波动,CNC系统与电气故障排查手册.docx
Z轴丝杠,表现为,液压压力不足,数控机床进给系统维护手册.docx
液压压力不足,可能原因,润滑不足,数控机床进给系统维护手册.docx
润滑不足,措施是,校正联轴器同轴度,数控机床进给系统维护手册.docx
Z轴丝杠,需检查,润滑不足,数控机床进给系统维护手册.docx
Z轴丝杠,表现为,伺服过热报警,伺服驱动调试与报警处理指南.docx
伺服过热报警,可能原因,冷却回路堵塞,伺服驱动调试与报警处理指南.docx
冷却回路堵塞,措施是,检修液压阀组并清除卡滞,伺服驱动调试与报警处理指南.docx
Z轴丝杠,需检查,冷却回路堵塞,伺服驱动调试与报警处理指南.docx
Z轴丝杠,表现为,系统黑屏,数控机床主轴系统故障诊断手册.docx
系统黑屏,可能原因,联轴器不同心,数控机床主轴系统故障诊断手册.docx
联轴器不同心,措施是,更换轴承并复测振动,数控机床主轴系统故障诊断手册.docx
Z轴丝杠,需检查,联轴器不同心,数控机床主轴系统故障诊断手册.docx
Z轴丝杠,表现为,排屑机卡滞,液压与润滑系统点检标准.docx
排屑机卡滞,可能原因,传感器失效,液压与润滑系统点检标准.docx
传感器失效,措施是,校正联轴器同轴度,液压与润滑系统点检标准.docx
Z轴丝杠,需检查,传感器失效,液压与润滑系统点检标准.docx
X轴导轨,表现为,异常噪声,ATC刀库与换刀机构检修指南.docx
异常噪声,可能原因,散热不良,ATC刀库与换刀机构检修指南.docx
散热不良,措施是,更换液压滤芯并检测压力,ATC刀库与换刀机构检修指南.docx
X轴导轨,需检查,散热不良,ATC刀库与换刀机构检修指南.docx
X轴导轨,表现为,加工尺寸漂移,CNC系统与电气故障排查手册.docx
加工尺寸漂移,可能原因,异物卡阻,CNC系统与电气故障排查手册.docx
异物卡阻,措施是,清理异物并恢复机构运动,CNC系统与电气故障排查手册.docx
X轴导轨,需检查,异物卡阻,CNC系统与电气故障排查手册.docx
X轴导轨,表现为,回零失败,数控机床进给系统维护手册.docx
回零失败,可能原因,润滑油污染,数控机床进给系统维护手册.docx
润滑油污染,措施是,修复导轨并重新标定精度,数控机床进给系统维护手册.docx
X轴导轨,需检查,润滑油污染,数控机床进给系统维护手册.docx
X轴导轨,表现为,润滑报警,伺服驱动调试与报警处理指南.docx
润滑报警,可能原因,丝杠反向间隙过大,伺服驱动调试与报警处理指南.docx
丝杠反向间隙过大,措施是,更换液压滤芯并检测压力,伺服驱动调试与报警处理指南.docx
X轴导轨,需检查,丝杠反向间隙过大,伺服驱动调试与报警处理指南.docx
X轴导轨,表现为,跟随误差过大,数控机床主轴系统故障诊断手册.docx
跟随误差过大,可能原因,参数漂移,数控机床主轴系统故障诊断手册.docx
参数漂移,措施是,清理异物并恢复机构运动,数控机床主轴系统故障诊断手册.docx
X轴导轨,需检查,参数漂移,数控机床主轴系统故障诊断手册.docx
X轴导轨,表现为,急停报警,液压与润滑系统点检标准.docx
急停报警,可能原因,接线松动,液压与润滑系统点检标准.docx
接线松动,措施是,修复导轨并重新标定精度,液压与润滑系统点检标准.docx
X轴导轨,需检查,接线松动,液压与润滑系统点检标准.docx
Y轴导轨,表现为,温升过高,ATC刀库与换刀机构检修指南.docx
温升过高,可能原因,地线接触不良,ATC刀库与换刀机构检修指南.docx
地线接触不良,措施是,紧固端子并复查接线,ATC刀库与换刀机构检修指南.docx
Y轴导轨,需检查,地线接触不良,ATC刀库与换刀机构检修指南.docx
Y轴导轨,表现为,重复定位精度下降,CNC系统与电气故障排查手册.docx
重复定位精度下降,可能原因,轴承磨损,CNC系统与电气故障排查手册.docx
轴承磨损,措施是,稳压供电并检测电网波动,CNC系统与电气故障排查手册.docx
Y轴导轨,需检查,轴承磨损,CNC系统与电气故障排查手册.docx
Y轴导轨,表现为,换刀超时报警,数控机床进给系统维护手册.docx
换刀超时报警,可能原因,冷却液污染,数控机床进给系统维护手册.docx
冷却液污染,措施是,调整丝杠预紧并做反向补偿,数控机床进给系统维护手册.docx
Y轴导轨,需检查,冷却液污染,数控机床进给系统维护手册.docx
Y轴导轨,表现为,流量不足,伺服驱动调试与报警处理指南.docx
流量不足,可能原因,导轨磨损,伺服驱动调试与报警处理指南.docx
导轨磨损,措施是,紧固端子并复查接线,伺服驱动调试与报警处理指南.docx
Y轴导轨,需检查,导轨磨损,伺服驱动调试与报警处理指南.docx
Y轴导轨,表现为,过流报警,数控机床主轴系统故障诊断手册.docx
过流报警,可能原因,编码器信号异常,数控机床主轴系统故障诊断手册.docx
编码器信号异常,措施是,稳压供电并检测电网波动,数控机床主轴系统故障诊断手册.docx
Y轴导轨,需检查,编码器信号异常,数控机床主轴系统故障诊断手册.docx
Y轴导轨,表现为,通信异常,液压与润滑系统点检标准.docx
通信异常,可能原因,滤芯堵塞,液压与润滑系统点检标准.docx
滤芯堵塞,措施是,调整丝杠预紧并做反向补偿,液压与润滑系统点检标准.docx
Y轴导轨,需检查,滤芯堵塞,液压与润滑系统点检标准.docx
Y轴导轨,表现为,主轴停转,切削工艺异常与质量控制手册.docx
主轴停转,可能原因,电机过载,切削工艺异常与质量控制手册.docx
电机过载,措施是,紧固端子并复查接线,切削工艺异常与质量控制手册.docx
Y轴导轨,需检查,电机过载,切削工艺异常与质量控制手册.docx
Z轴导轨,表现为,振动过大,ATC刀库与换刀机构检修指南.docx
振动过大,可能原因,电源波动,ATC刀库与换刀机构检修指南.docx
电源波动,措施是,更换失效传感器,ATC刀库与换刀机构检修指南.docx
Z轴导轨,需检查,电源波动,ATC刀库与换刀机构检修指南.docx
Z轴导轨,表现为,定位误差增大,CNC系统与电气故障排查手册.docx
定位误差增大,可能原因,润滑不足,CNC系统与电气故障排查手册.docx
润滑不足,措施是,重做接地与屏蔽,CNC系统与电气故障排查手册.docx
Z轴导轨,需检查,润滑不足,CNC系统与电气故障排查手册.docx
Z轴导轨,表现为,表面粗糙度恶化,数控机床进给系统维护手册.docx
表面粗糙度恶化,可能原因,冷却回路堵塞,数控机床进给系统维护手册.docx
冷却回路堵塞,措施是,清洗冷却管路并更换冷却液,数控机床进给系统维护手册.docx
Z轴导轨,需检查,冷却回路堵塞,数控机床进给系统维护手册.docx
Z轴导轨,表现为,液压压力不足,伺服驱动调试与报警处理指南.docx
液压压力不足,可能原因,联轴器不同心,伺服驱动调试与报警处理指南.docx
联轴器不同心,措施是,更换失效传感器,伺服驱动调试与报警处理指南.docx
Z轴导轨,需检查,联轴器不同心,伺服驱动调试与报警处理指南.docx
Z轴导轨,表现为,伺服过热报警,数控机床主轴系统故障诊断手册.docx
伺服过热报警,可能原因,传感器失效,数控机床主轴系统故障诊断手册.docx
传感器失效,措施是,重做接地与屏蔽,数控机床主轴系统故障诊断手册.docx
Z轴导轨,需检查,传感器失效,数控机床主轴系统故障诊断手册.docx
Z轴导轨,表现为,系统黑屏,液压与润滑系统点检标准.docx
系统黑屏,可能原因,阀芯卡滞,液压与润滑系统点检标准.docx
阀芯卡滞,措施是,清洗冷却管路并更换冷却液,液压与润滑系统点检标准.docx
Z轴导轨,需检查,阀芯卡滞,液压与润滑系统点检标准.docx
Z轴导轨,表现为,排屑机卡滞,切削工艺异常与质量控制手册.docx
排屑机卡滞,可能原因,散热不良,切削工艺异常与质量控制手册.docx
散热不良,措施是,更换失效传感器,切削工艺异常与质量控制手册.docx
Z轴导轨,需检查,散热不良,切削工艺异常与质量控制手册.docx
刀库,表现为,异常噪声,CNC系统与电气故障排查手册.docx
异常噪声,可能原因,润滑油污染,CNC系统与电气故障排查手册.docx
润滑油污染,措施是,降低负载并改善散热,CNC系统与电气故障排查手册.docx
刀库,需检查,润滑油污染,CNC系统与电气故障排查手册.docx
刀库,表现为,加工尺寸漂移,数控机床进给系统维护手册.docx
加工尺寸漂移,可能原因,丝杠反向间隙过大,数控机床进给系统维护手册.docx
丝杠反向间隙过大,措施是,清洗润滑回路并更换滤芯,数控机床进给系统维护手册.docx
刀库,需检查,丝杠反向间隙过大,数控机床进给系统维护手册.docx
刀库,表现为,回零失败,伺服驱动调试与报警处理指南.docx
回零失败,可能原因,参数漂移,伺服驱动调试与报警处理指南.docx
参数漂移,措施是,检修编码器及反馈线缆,伺服驱动调试与报警处理指南.docx
刀库,需检查,参数漂移,伺服驱动调试与报警处理指南.docx
刀库,表现为,润滑报警,数控机床主轴系统故障诊断手册.docx
润滑报警,可能原因,接线松动,数控机床主轴系统故障诊断手册.docx
接线松动,措施是,降低负载并改善散热,数控机床主轴系统故障诊断手册.docx
刀库,需检查,接线松动,数控机床主轴系统故障诊断手册.docx
刀库,表现为,跟随误差过大,液压与润滑系统点检标准.docx
跟随误差过大,可能原因,泵效率下降,液压与润滑系统点检标准.docx
泵效率下降,措施是,清洗润滑回路并更换滤芯,液压与润滑系统点检标准.docx
刀库,需检查,泵效率下降,液压与润滑系统点检标准.docx
刀库,表现为,急停报警,切削工艺异常与质量控制手册.docx
急停报警,可能原因,地线接触不良,切削工艺异常与质量控制手册.docx
地线接触不良,措施是,检修编码器及反馈线缆,切削工艺异常与质量控制手册.docx
刀库,需检查,地线接触不良,切削工艺异常与质量控制手册.docx
机械手,表现为,温升过高,CNC系统与电气故障排查手册.docx
温升过高,可能原因,冷却液污染,CNC系统与电气故障排查手册.docx
冷却液污染,措施是,检修泵组并测试流量,CNC系统与电气故障排查手册.docx
机械手,需检查,冷却液污染,CNC系统与电气故障排查手册.docx
机械手,表现为,重复定位精度下降,数控机床进给系统维护手册.docx
重复定位精度下降,可能原因,导轨磨损,数控机床进给系统维护手册.docx
导轨磨损,措施是,补充润滑并校验供油周期,数控机床进给系统维护手册.docx
机械手,需检查,导轨磨损,数控机床进给系统维护手册.docx
机械手,表现为,换刀超时报警,伺服驱动调试与报警处理指南.docx
换刀超时报警,可能原因,编码器信号异常,伺服驱动调试与报警处理指南.docx
编码器信号异常,措施是,恢复驱动参数并重新整定,伺服驱动调试与报警处理指南.docx
机械手,需检查,编码器信号异常,伺服驱动调试与报警处理指南.docx
机械手,表现为,流量不足,数控机床主轴系统故障诊断手册.docx
流量不足,可能原因,滤芯堵塞,数控机床主轴系统故障诊断手册.docx
滤芯堵塞,措施是,检修泵组并测试流量,数控机床主轴系统故障诊断手册.docx
机械手,需检查,滤芯堵塞,数控机床主轴系统故障诊断手册.docx
机械手,表现为,过流报警,液压与润滑系统点检标准.docx
过流报警,可能原因,电机过载,液压与润滑系统点检标准.docx
电机过载,措施是,补充润滑并校验供油周期,液压与润滑系统点检标准.docx
机械手,需检查,电机过载,液压与润滑系统点检标准.docx
机械手,表现为,通信异常,切削工艺异常与质量控制手册.docx
通信异常,可能原因,电源波动,切削工艺异常与质量控制手册.docx
电源波动,措施是,恢复驱动参数并重新整定,切削工艺异常与质量控制手册.docx
机械手,需检查,电源波动,切削工艺异常与质量控制手册.docx
机械手,表现为,主轴停转,ATC刀库与换刀机构检修指南.docx
主轴停转,可能原因,润滑不足,ATC刀库与换刀机构检修指南.docx
润滑不足,措施是,检修泵组并测试流量,ATC刀库与换刀机构检修指南.docx
机械手,需检查,润滑不足,ATC刀库与换刀机构检修指南.docx
刀盘,表现为,振动过大,CNC系统与电气故障排查手册.docx
振动过大,可能原因,冷却回路堵塞,CNC系统与电气故障排查手册.docx
冷却回路堵塞,措施是,检修液压阀组并清除卡滞,CNC系统与电气故障排查手册.docx
刀盘,需检查,冷却回路堵塞,CNC系统与电气故障排查手册.docx
刀盘,表现为,定位误差增大,数控机床进给系统维护手册.docx
定位误差增大,可能原因,联轴器不同心,数控机床进给系统维护手册.docx
联轴器不同心,措施是,更换轴承并复测振动,数控机床进给系统维护手册.docx
刀盘,需检查,联轴器不同心,数控机床进给系统维护手册.docx
刀盘,表现为,表面粗糙度恶化,伺服驱动调试与报警处理指南.docx
表面粗糙度恶化,可能原因,传感器失效,伺服驱动调试与报警处理指南.docx
传感器失效,措施是,校正联轴器同轴度,伺服驱动调试与报警处理指南.docx
刀盘,需检查,传感器失效,伺服驱动调试与报警处理指南.docx
刀盘,表现为,液压压力不足,数控机床主轴系统故障诊断手册.docx
液压压力不足,可能原因,阀芯卡滞,数控机床主轴系统故障诊断手册.docx
阀芯卡滞,措施是,检修液压阀组并清除卡滞,数控机床主轴系统故障诊断手册.docx
刀盘,需检查,阀芯卡滞,数控机床主轴系统故障诊断手册.docx
刀盘,表现为,伺服过热报警,液压与润滑系统点检标准.docx
伺服过热报警,可能原因,散热不良,液压与润滑系统点检标准.docx
散热不良,措施是,更换轴承并复测振动,液压与润滑系统点检标准.docx
刀盘,需检查,散热不良,液压与润滑系统点检标准.docx
刀盘,表现为,系统黑屏,切削工艺异常与质量控制手册.docx
系统黑屏,可能原因,异物卡阻,切削工艺异常与质量控制手册.docx
异物卡阻,措施是,校正联轴器同轴度,切削工艺异常与质量控制手册.docx
刀盘,需检查,异物卡阻,切削工艺异常与质量控制手册.docx
刀盘,表现为,排屑机卡滞,ATC刀库与换刀机构检修指南.docx
排屑机卡滞,可能原因,润滑油污染,ATC刀库与换刀机构检修指南.docx
润滑油污染,措施是,检修液压阀组并清除卡滞,ATC刀库与换刀机构检修指南.docx
刀盘,需检查,润滑油污染,ATC刀库与换刀机构检修指南.docx
换刀电机,表现为,异常噪声,数控机床进给系统维护手册.docx
异常噪声,可能原因,参数漂移,数控机床进给系统维护手册.docx
参数漂移,措施是,清理异物并恢复机构运动,数控机床进给系统维护手册.docx
换刀电机,需检查,参数漂移,数控机床进给系统维护手册.docx
换刀电机,表现为,加工尺寸漂移,伺服驱动调试与报警处理指南.docx
加工尺寸漂移,可能原因,接线松动,伺服驱动调试与报警处理指南.docx
接线松动,措施是,修复导轨并重新标定精度,伺服驱动调试与报警处理指南.docx
换刀电机,需检查,接线松动,伺服驱动调试与报警处理指南.docx
换刀电机,表现为,回零失败,数控机床主轴系统故障诊断手册.docx
回零失败,可能原因,泵效率下降,数控机床主轴系统故障诊断手册.docx
泵效率下降,措施是,更换液压滤芯并检测压力,数控机床主轴系统故障诊断手册.docx
换刀电机,需检查,泵效率下降,数控机床主轴系统故障诊断手册.docx
换刀电机,表现为,润滑报警,液压与润滑系统点检标准.docx
润滑报警,可能原因,地线接触不良,液压与润滑系统点检标准.docx
地线接触不良,措施是,清理异物并恢复机构运动,液压与润滑系统点检标准.docx
换刀电机,需检查,地线接触不良,液压与润滑系统点检标准.docx
换刀电机,表现为,跟随误差过大,切削工艺异常与质量控制手册.docx
跟随误差过大,可能原因,轴承磨损,切削工艺异常与质量控制手册.docx
轴承磨损,措施是,修复导轨并重新标定精度,切削工艺异常与质量控制手册.docx
换刀电机,需检查,轴承磨损,切削工艺异常与质量控制手册.docx
换刀电机,表现为,急停报警,ATC刀库与换刀机构检修指南.docx
急停报警,可能原因,冷却液污染,ATC刀库与换刀机构检修指南.docx
冷却液污染,措施是,更换液压滤芯并检测压力,ATC刀库与换刀机构检修指南.docx
换刀电机,需检查,冷却液污染,ATC刀库与换刀机构检修指南.docx
液压泵,表现为,温升过高,数控机床进给系统维护手册.docx
温升过高,可能原因,编码器信号异常,数控机床进给系统维护手册.docx
编码器信号异常,措施是,稳压供电并检测电网波动,数控机床进给系统维护手册.docx
液压泵,需检查,编码器信号异常,数控机床进给系统维护手册.docx
液压泵,表现为,重复定位精度下降,伺服驱动调试与报警处理指南.docx
重复定位精度下降,可能原因,滤芯堵塞,伺服驱动调试与报警处理指南.docx
滤芯堵塞,措施是,调整丝杠预紧并做反向补偿,伺服驱动调试与报警处理指南.docx
液压泵,需检查,滤芯堵塞,伺服驱动调试与报警处理指南.docx
液压泵,表现为,换刀超时报警,数控机床主轴系统故障诊断手册.docx
换刀超时报警,可能原因,电机过载,数控机床主轴系统故障诊断手册.docx
电机过载,措施是,紧固端子并复查接线,数控机床主轴系统故障诊断手册.docx
液压泵,需检查,电机过载,数控机床主轴系统故障诊断手册.docx
液压泵,表现为,流量不足,液压与润滑系统点检标准.docx
流量不足,可能原因,电源波动,液压与润滑系统点检标准.docx
电源波动,措施是,稳压供电并检测电网波动,液压与润滑系统点检标准.docx
液压泵,需检查,电源波动,液压与润滑系统点检标准.docx
液压泵,表现为,过流报警,切削工艺异常与质量控制手册.docx
过流报警,可能原因,润滑不足,切削工艺异常与质量控制手册.docx
润滑不足,措施是,调整丝杠预紧并做反向补偿,切削工艺异常与质量控制手册.docx
液压泵,需检查,润滑不足,切削工艺异常与质量控制手册.docx
液压泵,表现为,通信异常,ATC刀库与换刀机构检修指南.docx
通信异常,可能原因,冷却回路堵塞,ATC刀库与换刀机构检修指南.docx
冷却回路堵塞,措施是,紧固端子并复查接线,ATC刀库与换刀机构检修指南.docx
液压泵,需检查,冷却回路堵塞,ATC刀库与换刀机构检修指南.docx
液压泵,表现为,主轴停转,CNC系统与电气故障排查手册.docx
主轴停转,可能原因,联轴器不同心,CNC系统与电气故障排查手册.docx
联轴器不同心,措施是,稳压供电并检测电网波动,CNC系统与电气故障排查手册.docx
液压泵,需检查,联轴器不同心,CNC系统与电气故障排查手册.docx
溢流阀,表现为,振动过大,数控机床进给系统维护手册.docx
振动过大,可能原因,传感器失效,数控机床进给系统维护手册.docx
传感器失效,措施是,重做接地与屏蔽,数控机床进给系统维护手册.docx
溢流阀,需检查,传感器失效,数控机床进给系统维护手册.docx
溢流阀,表现为,定位误差增大,伺服驱动调试与报警处理指南.docx
定位误差增大,可能原因,阀芯卡滞,伺服驱动调试与报警处理指南.docx
阀芯卡滞,措施是,清洗冷却管路并更换冷却液,伺服驱动调试与报警处理指南.docx
溢流阀,需检查,阀芯卡滞,伺服驱动调试与报警处理指南.docx
溢流阀,表现为,表面粗糙度恶化,数控机床主轴系统故障诊断手册.docx
表面粗糙度恶化,可能原因,散热不良,数控机床主轴系统故障诊断手册.docx
散热不良,措施是,更换失效传感器,数控机床主轴系统故障诊断手册.docx
溢流阀,需检查,散热不良,数控机床主轴系统故障诊断手册.docx
溢流阀,表现为,液压压力不足,液压与润滑系统点检标准.docx
液压压力不足,可能原因,异物卡阻,液压与润滑系统点检标准.docx
异物卡阻,措施是,重做接地与屏蔽,液压与润滑系统点检标准.docx
溢流阀,需检查,异物卡阻,液压与润滑系统点检标准.docx
溢流阀,表现为,伺服过热报警,切削工艺异常与质量控制手册.docx
伺服过热报警,可能原因,润滑油污染,切削工艺异常与质量控制手册.docx
润滑油污染,措施是,清洗冷却管路并更换冷却液,切削工艺异常与质量控制手册.docx
溢流阀,需检查,润滑油污染,切削工艺异常与质量控制手册.docx
溢流阀,表现为,系统黑屏,ATC刀库与换刀机构检修指南.docx
系统黑屏,可能原因,丝杠反向间隙过大,ATC刀库与换刀机构检修指南.docx
丝杠反向间隙过大,措施是,更换失效传感器,ATC刀库与换刀机构检修指南.docx
溢流阀,需检查,丝杠反向间隙过大,ATC刀库与换刀机构检修指南.docx
溢流阀,表现为,排屑机卡滞,CNC系统与电气故障排查手册.docx
排屑机卡滞,可能原因,参数漂移,CNC系统与电气故障排查手册.docx
参数漂移,措施是,重做接地与屏蔽,CNC系统与电气故障排查手册.docx
溢流阀,需检查,参数漂移,CNC系统与电气故障排查手册.docx
电磁阀,表现为,异常噪声,伺服驱动调试与报警处理指南.docx
异常噪声,可能原因,泵效率下降,伺服驱动调试与报警处理指南.docx
泵效率下降,措施是,清洗润滑回路并更换滤芯,伺服驱动调试与报警处理指南.docx
电磁阀,需检查,泵效率下降,伺服驱动调试与报警处理指南.docx
电磁阀,表现为,加工尺寸漂移,数控机床主轴系统故障诊断手册.docx
加工尺寸漂移,可能原因,地线接触不良,数控机床主轴系统故障诊断手册.docx
地线接触不良,措施是,检修编码器及反馈线缆,数控机床主轴系统故障诊断手册.docx
电磁阀,需检查,地线接触不良,数控机床主轴系统故障诊断手册.docx
电磁阀,表现为,回零失败,液压与润滑系统点检标准.docx
回零失败,可能原因,轴承磨损,液压与润滑系统点检标准.docx
轴承磨损,措施是,降低负载并改善散热,液压与润滑系统点检标准.docx
电磁阀,需检查,轴承磨损,液压与润滑系统点检标准.docx
电磁阀,表现为,润滑报警,切削工艺异常与质量控制手册.docx
润滑报警,可能原因,冷却液污染,切削工艺异常与质量控制手册.docx
冷却液污染,措施是,清洗润滑回路并更换滤芯,切削工艺异常与质量控制手册.docx
电磁阀,需检查,冷却液污染,切削工艺异常与质量控制手册.docx
电磁阀,表现为,跟随误差过大,ATC刀库与换刀机构检修指南.docx
跟随误差过大,可能原因,导轨磨损,ATC刀库与换刀机构检修指南.docx
导轨磨损,措施是,检修编码器及反馈线缆,ATC刀库与换刀机构检修指南.docx
电磁阀,需检查,导轨磨损,ATC刀库与换刀机构检修指南.docx
电磁阀,表现为,急停报警,CNC系统与电气故障排查手册.docx
急停报警,可能原因,编码器信号异常,CNC系统与电气故障排查手册.docx
编码器信号异常,措施是,降低负载并改善散热,CNC系统与电气故障排查手册.docx
电磁阀,需检查,编码器信号异常,CNC系统与电气故障排查手册.docx
液压滤芯,表现为,温升过高,伺服驱动调试与报警处理指南.docx
温升过高,可能原因,电机过载,伺服驱动调试与报警处理指南.docx
电机过载,措施是,补充润滑并校验供油周期,伺服驱动调试与报警处理指南.docx
液压滤芯,需检查,电机过载,伺服驱动调试与报警处理指南.docx
液压滤芯,表现为,重复定位精度下降,数控机床主轴系统故障诊断手册.docx
重复定位精度下降,可能原因,电源波动,数控机床主轴系统故障诊断手册.docx
电源波动,措施是,恢复驱动参数并重新整定,数控机床主轴系统故障诊断手册.docx
液压滤芯,需检查,电源波动,数控机床主轴系统故障诊断手册.docx
液压滤芯,表现为,换刀超时报警,液压与润滑系统点检标准.docx
换刀超时报警,可能原因,润滑不足,液压与润滑系统点检标准.docx
润滑不足,措施是,检修泵组并测试流量,液压与润滑系统点检标准.docx
液压滤芯,需检查,润滑不足,液压与润滑系统点检标准.docx
液压滤芯,表现为,流量不足,切削工艺异常与质量控制手册.docx
流量不足,可能原因,冷却回路堵塞,切削工艺异常与质量控制手册.docx
冷却回路堵塞,措施是,补充润滑并校验供油周期,切削工艺异常与质量控制手册.docx
液压滤芯,需检查,冷却回路堵塞,切削工艺异常与质量控制手册.docx
液压滤芯,表现为,过流报警,ATC刀库与换刀机构检修指南.docx
过流报警,可能原因,联轴器不同心,ATC刀库与换刀机构检修指南.docx
联轴器不同心,措施是,恢复驱动参数并重新整定,ATC刀库与换刀机构检修指南.docx
液压滤芯,需检查,联轴器不同心,ATC刀库与换刀机构检修指南.docx
液压滤芯,表现为,通信异常,CNC系统与电气故障排查手册.docx
通信异常,可能原因,传感器失效,CNC系统与电气故障排查手册.docx
传感器失效,措施是,检修泵组并测试流量,CNC系统与电气故障排查手册.docx
液压滤芯,需检查,传感器失效,CNC系统与电气故障排查手册.docx
液压滤芯,表现为,主轴停转,数控机床进给系统维护手册.docx
主轴停转,可能原因,阀芯卡滞,数控机床进给系统维护手册.docx
阀芯卡滞,措施是,补充润滑并校验供油周期,数控机床进给系统维护手册.docx
液压滤芯,需检查,阀芯卡滞,数控机床进给系统维护手册.docx
润滑泵,表现为,振动过大,伺服驱动调试与报警处理指南.docx
振动过大,可能原因,散热不良,伺服驱动调试与报警处理指南.docx
散热不良,措施是,更换轴承并复测振动,伺服驱动调试与报警处理指南.docx
润滑泵,需检查,散热不良,伺服驱动调试与报警处理指南.docx
润滑泵,表现为,定位误差增大,数控机床主轴系统故障诊断手册.docx
定位误差增大,可能原因,异物卡阻,数控机床主轴系统故障诊断手册.docx
异物卡阻,措施是,校正联轴器同轴度,数控机床主轴系统故障诊断手册.docx
润滑泵,需检查,异物卡阻,数控机床主轴系统故障诊断手册.docx
润滑泵,表现为,表面粗糙度恶化,液压与润滑系统点检标准.docx
表面粗糙度恶化,可能原因,润滑油污染,液压与润滑系统点检标准.docx
润滑油污染,措施是,检修液压阀组并清除卡滞,液压与润滑系统点检标准.docx
润滑泵,需检查,润滑油污染,液压与润滑系统点检标准.docx
润滑泵,表现为,液压压力不足,切削工艺异常与质量控制手册.docx
液压压力不足,可能原因,丝杠反向间隙过大,切削工艺异常与质量控制手册.docx
丝杠反向间隙过大,措施是,更换轴承并复测振动,切削工艺异常与质量控制手册.docx
润滑泵,需检查,丝杠反向间隙过大,切削工艺异常与质量控制手册.docx
润滑泵,表现为,伺服过热报警,ATC刀库与换刀机构检修指南.docx
伺服过热报警,可能原因,参数漂移,ATC刀库与换刀机构检修指南.docx
参数漂移,措施是,校正联轴器同轴度,ATC刀库与换刀机构检修指南.docx
润滑泵,需检查,参数漂移,ATC刀库与换刀机构检修指南.docx
润滑泵,表现为,系统黑屏,CNC系统与电气故障排查手册.docx
系统黑屏,可能原因,接线松动,CNC系统与电气故障排查手册.docx
接线松动,措施是,检修液压阀组并清除卡滞,CNC系统与电气故障排查手册.docx
润滑泵,需检查,接线松动,CNC系统与电气故障排查手册.docx
润滑泵,表现为,排屑机卡滞,数控机床进给系统维护手册.docx
排屑机卡滞,可能原因,泵效率下降,数控机床进给系统维护手册.docx
泵效率下降,措施是,更换轴承并复测振动,数控机床进给系统维护手册.docx
润滑泵,需检查,泵效率下降,数控机床进给系统维护手册.docx
分配器,表现为,异常噪声,数控机床主轴系统故障诊断手册.docx
异常噪声,可能原因,轴承磨损,数控机床主轴系统故障诊断手册.docx
轴承磨损,措施是,修复导轨并重新标定精度,数控机床主轴系统故障诊断手册.docx
分配器,需检查,轴承磨损,数控机床主轴系统故障诊断手册.docx
分配器,表现为,加工尺寸漂移,液压与润滑系统点检标准.docx
加工尺寸漂移,可能原因,冷却液污染,液压与润滑系统点检标准.docx
冷却液污染,措施是,更换液压滤芯并检测压力,液压与润滑系统点检标准.docx
分配器,需检查,冷却液污染,液压与润滑系统点检标准.docx
分配器,表现为,回零失败,切削工艺异常与质量控制手册.docx
回零失败,可能原因,导轨磨损,切削工艺异常与质量控制手册.docx
导轨磨损,措施是,清理异物并恢复机构运动,切削工艺异常与质量控制手册.docx
分配器,需检查,导轨磨损,切削工艺异常与质量控制手册.docx
分配器,表现为,润滑报警,ATC刀库与换刀机构检修指南.docx
润滑报警,可能原因,编码器信号异常,ATC刀库与换刀机构检修指南.docx
编码器信号异常,措施是,修复导轨并重新标定精度,ATC刀库与换刀机构检修指南.docx
分配器,需检查,编码器信号异常,ATC刀库与换刀机构检修指南.docx
分配器,表现为,跟随误差过大,CNC系统与电气故障排查手册.docx
跟随误差过大,可能原因,滤芯堵塞,CNC系统与电气故障排查手册.docx
滤芯堵塞,措施是,更换液压滤芯并检测压力,CNC系统与电气故障排查手册.docx
分配器,需检查,滤芯堵塞,CNC系统与电气故障排查手册.docx
分配器,表现为,急停报警,数控机床进给系统维护手册.docx
急停报警,可能原因,电机过载,数控机床进给系统维护手册.docx
电机过载,措施是,清理异物并恢复机构运动,数控机床进给系统维护手册.docx
分配器,需检查,电机过载,数控机床进给系统维护手册.docx
润滑管路,表现为,温升过高,数控机床主轴系统故障诊断手册.docx
温升过高,可能原因,润滑不足,数控机床主轴系统故障诊断手册.docx
润滑不足,措施是,调整丝杠预紧并做反向补偿,数控机床主轴系统故障诊断手册.docx
润滑管路,需检查,润滑不足,数控机床主轴系统故障诊断手册.docx
润滑管路,表现为,重复定位精度下降,液压与润滑系统点检标准.docx
重复定位精度下降,可能原因,冷却回路堵塞,液压与润滑系统点检标准.docx
冷却回路堵塞,措施是,紧固端子并复查接线,液压与润滑系统点检标准.docx
润滑管路,需检查,冷却回路堵塞,液压与润滑系统点检标准.docx
润滑管路,表现为,换刀超时报警,切削工艺异常与质量控制手册.docx
换刀超时报警,可能原因,联轴器不同心,切削工艺异常与质量控制手册.docx
联轴器不同心,措施是,稳压供电并检测电网波动,切削工艺异常与质量控制手册.docx
润滑管路,需检查,联轴器不同心,切削工艺异常与质量控制手册.docx
润滑管路,表现为,流量不足,ATC刀库与换刀机构检修指南.docx
流量不足,可能原因,传感器失效,ATC刀库与换刀机构检修指南.docx
传感器失效,措施是,调整丝杠预紧并做反向补偿,ATC刀库与换刀机构检修指南.docx
润滑管路,需检查,传感器失效,ATC刀库与换刀机构检修指南.docx
润滑管路,表现为,过流报警,CNC系统与电气故障排查手册.docx
过流报警,可能原因,阀芯卡滞,CNC系统与电气故障排查手册.docx
阀芯卡滞,措施是,紧固端子并复查接线,CNC系统与电气故障排查手册.docx
润滑管路,需检查,阀芯卡滞,CNC系统与电气故障排查手册.docx
润滑管路,表现为,通信异常,数控机床进给系统维护手册.docx
通信异常,可能原因,散热不良,数控机床进给系统维护手册.docx
散热不良,措施是,稳压供电并检测电网波动,数控机床进给系统维护手册.docx
润滑管路,需检查,散热不良,数控机床进给系统维护手册.docx
润滑管路,表现为,主轴停转,伺服驱动调试与报警处理指南.docx
主轴停转,可能原因,异物卡阻,伺服驱动调试与报警处理指南.docx
异物卡阻,措施是,调整丝杠预紧并做反向补偿,伺服驱动调试与报警处理指南.docx
润滑管路,需检查,异物卡阻,伺服驱动调试与报警处理指南.docx
冷却泵,表现为,振动过大,数控机床主轴系统故障诊断手册.docx
振动过大,可能原因,润滑油污染,数控机床主轴系统故障诊断手册.docx
润滑油污染,措施是,清洗冷却管路并更换冷却液,数控机床主轴系统故障诊断手册.docx
冷却泵,需检查,润滑油污染,数控机床主轴系统故障诊断手册.docx
冷却泵,表现为,定位误差增大,液压与润滑系统点检标准.docx
定位误差增大,可能原因,丝杠反向间隙过大,液压与润滑系统点检标准.docx
丝杠反向间隙过大,措施是,更换失效传感器,液压与润滑系统点检标准.docx
冷却泵,需检查,丝杠反向间隙过大,液压与润滑系统点检标准.docx
冷却泵,表现为,表面粗糙度恶化,切削工艺异常与质量控制手册.docx
表面粗糙度恶化,可能原因,参数漂移,切削工艺异常与质量控制手册.docx
参数漂移,措施是,重做接地与屏蔽,切削工艺异常与质量控制手册.docx
冷却泵,需检查,参数漂移,切削工艺异常与质量控制手册.docx
冷却泵,表现为,液压压力不足,ATC刀库与换刀机构检修指南.docx
液压压力不足,可能原因,接线松动,ATC刀库与换刀机构检修指南.docx
接线松动,措施是,清洗冷却管路并更换冷却液,ATC刀库与换刀机构检修指南.docx
冷却泵,需检查,接线松动,ATC刀库与换刀机构检修指南.docx
冷却泵,表现为,伺服过热报警,CNC系统与电气故障排查手册.docx
伺服过热报警,可能原因,泵效率下降,CNC系统与电气故障排查手册.docx
泵效率下降,措施是,更换失效传感器,CNC系统与电气故障排查手册.docx
冷却泵,需检查,泵效率下降,CNC系统与电气故障排查手册.docx
冷却泵,表现为,系统黑屏,数控机床进给系统维护手册.docx
系统黑屏,可能原因,地线接触不良,数控机床进给系统维护手册.docx
地线接触不良,措施是,重做接地与屏蔽,数控机床进给系统维护手册.docx
冷却泵,需检查,地线接触不良,数控机床进给系统维护手册.docx
冷却泵,表现为,排屑机卡滞,伺服驱动调试与报警处理指南.docx
排屑机卡滞,可能原因,轴承磨损,伺服驱动调试与报警处理指南.docx
轴承磨损,措施是,清洗冷却管路并更换冷却液,伺服驱动调试与报警处理指南.docx
冷却泵,需检查,轴承磨损,伺服驱动调试与报警处理指南.docx
冷却液箱,表现为,异常噪声,液压与润滑系统点检标准.docx
异常噪声,可能原因,导轨磨损,液压与润滑系统点检标准.docx
导轨磨损,措施是,检修编码器及反馈线缆,液压与润滑系统点检标准.docx
冷却液箱,需检查,导轨磨损,液压与润滑系统点检标准.docx
冷却液箱,表现为,加工尺寸漂移,切削工艺异常与质量控制手册.docx
加工尺寸漂移,可能原因,编码器信号异常,切削工艺异常与质量控制手册.docx
编码器信号异常,措施是,降低负载并改善散热,切削工艺异常与质量控制手册.docx
冷却液箱,需检查,编码器信号异常,切削工艺异常与质量控制手册.docx
冷却液箱,表现为,回零失败,ATC刀库与换刀机构检修指南.docx
回零失败,可能原因,滤芯堵塞,ATC刀库与换刀机构检修指南.docx
滤芯堵塞,措施是,清洗润滑回路并更换滤芯,ATC刀库与换刀机构检修指南.docx
冷却液箱,需检查,滤芯堵塞,ATC刀库与换刀机构检修指南.docx
冷却液箱,表现为,润滑报警,CNC系统与电气故障排查手册.docx
润滑报警,可能原因,电机过载,CNC系统与电气故障排查手册.docx
电机过载,措施是,检修编码器及反馈线缆,CNC系统与电气故障排查手册.docx
冷却液箱,需检查,电机过载,CNC系统与电气故障排查手册.docx
冷却液箱,表现为,跟随误差过大,数控机床进给系统维护手册.docx
跟随误差过大,可能原因,电源波动,数控机床进给系统维护手册.docx
电源波动,措施是,降低负载并改善散热,数控机床进给系统维护手册.docx
冷却液箱,需检查,电源波动,数控机床进给系统维护手册.docx
冷却液箱,表现为,急停报警,伺服驱动调试与报警处理指南.docx
急停报警,可能原因,润滑不足,伺服驱动调试与报警处理指南.docx
润滑不足,措施是,清洗润滑回路并更换滤芯,伺服驱动调试与报警处理指南.docx
冷却液箱,需检查,润滑不足,伺服驱动调试与报警处理指南.docx
流量开关,表现为,温升过高,液压与润滑系统点检标准.docx
温升过高,可能原因,联轴器不同心,液压与润滑系统点检标准.docx
联轴器不同心,措施是,恢复驱动参数并重新整定,液压与润滑系统点检标准.docx
流量开关,需检查,联轴器不同心,液压与润滑系统点检标准.docx
流量开关,表现为,重复定位精度下降,切削工艺异常与质量控制手册.docx
重复定位精度下降,可能原因,传感器失效,切削工艺异常与质量控制手册.docx
传感器失效,措施是,检修泵组并测试流量,切削工艺异常与质量控制手册.docx
流量开关,需检查,传感器失效,切削工艺异常与质量控制手册.docx
流量开关,表现为,换刀超时报警,ATC刀库与换刀机构检修指南.docx
换刀超时报警,可能原因,阀芯卡滞,ATC刀库与换刀机构检修指南.docx
阀芯卡滞,措施是,补充润滑并校验供油周期,ATC刀库与换刀机构检修指南.docx
流量开关,需检查,阀芯卡滞,ATC刀库与换刀机构检修指南.docx
流量开关,表现为,流量不足,CNC系统与电气故障排查手册.docx
流量不足,可能原因,散热不良,CNC系统与电气故障排查手册.docx
散热不良,措施是,恢复驱动参数并重新整定,CNC系统与电气故障排查手册.docx
流量开关,需检查,散热不良,CNC系统与电气故障排查手册.docx
流量开关,表现为,过流报警,数控机床进给系统维护手册.docx
过流报警,可能原因,异物卡阻,数控机床进给系统维护手册.docx
异物卡阻,措施是,检修泵组并测试流量,数控机床进给系统维护手册.docx
流量开关,需检查,异物卡阻,数控机床进给系统维护手册.docx
流量开关,表现为,通信异常,伺服驱动调试与报警处理指南.docx
通信异常,可能原因,润滑油污染,伺服驱动调试与报警处理指南.docx
润滑油污染,措施是,补充润滑并校验供油周期,伺服驱动调试与报警处理指南.docx
流量开关,需检查,润滑油污染,伺服驱动调试与报警处理指南.docx
流量开关,表现为,主轴停转,数控机床主轴系统故障诊断手册.docx
主轴停转,可能原因,丝杠反向间隙过大,数控机床主轴系统故障诊断手册.docx
丝杠反向间隙过大,措施是,恢复驱动参数并重新整定,数控机床主轴系统故障诊断手册.docx
流量开关,需检查,丝杠反向间隙过大,数控机床主轴系统故障诊断手册.docx
伺服驱动器,表现为,振动过大,液压与润滑系统点检标准.docx
振动过大,可能原因,参数漂移,液压与润滑系统点检标准.docx
参数漂移,措施是,校正联轴器同轴度,液压与润滑系统点检标准.docx
伺服驱动器,需检查,参数漂移,液压与润滑系统点检标准.docx
伺服驱动器,表现为,定位误差增大,切削工艺异常与质量控制手册.docx
定位误差增大,可能原因,接线松动,切削工艺异常与质量控制手册.docx
接线松动,措施是,检修液压阀组并清除卡滞,切削工艺异常与质量控制手册.docx
伺服驱动器,需检查,接线松动,切削工艺异常与质量控制手册.docx
伺服驱动器,表现为,表面粗糙度恶化,ATC刀库与换刀机构检修指南.docx
表面粗糙度恶化,可能原因,泵效率下降,ATC刀库与换刀机构检修指南.docx
泵效率下降,措施是,更换轴承并复测振动,ATC刀库与换刀机构检修指南.docx
伺服驱动器,需检查,泵效率下降,ATC刀库与换刀机构检修指南.docx
伺服驱动器,表现为,液压压力不足,CNC系统与电气故障排查手册.docx
液压压力不足,可能原因,地线接触不良,CNC系统与电气故障排查手册.docx
地线接触不良,措施是,校正联轴器同轴度,CNC系统与电气故障排查手册.docx
伺服驱动器,需检查,地线接触不良,CNC系统与电气故障排查手册.docx
伺服驱动器,表现为,伺服过热报警,数控机床进给系统维护手册.docx
伺服过热报警,可能原因,轴承磨损,数控机床进给系统维护手册.docx
轴承磨损,措施是,检修液压阀组并清除卡滞,数控机床进给系统维护手册.docx
伺服驱动器,需检查,轴承磨损,数控机床进给系统维护手册.docx
伺服驱动器,表现为,系统黑屏,伺服驱动调试与报警处理指南.docx
系统黑屏,可能原因,冷却液污染,伺服驱动调试与报警处理指南.docx
冷却液污染,措施是,更换轴承并复测振动,伺服驱动调试与报警处理指南.docx
伺服驱动器,需检查,冷却液污染,伺服驱动调试与报警处理指南.docx
伺服驱动器,表现为,排屑机卡滞,数控机床主轴系统故障诊断手册.docx
排屑机卡滞,可能原因,导轨磨损,数控机床主轴系统故障诊断手册.docx
导轨磨损,措施是,校正联轴器同轴度,数控机床主轴系统故障诊断手册.docx
伺服驱动器,需检查,导轨磨损,数控机床主轴系统故障诊断手册.docx
伺服电机,表现为,异常噪声,切削工艺异常与质量控制手册.docx
异常噪声,可能原因,滤芯堵塞,切削工艺异常与质量控制手册.docx
滤芯堵塞,措施是,更换液压滤芯并检测压力,切削工艺异常与质量控制手册.docx
伺服电机,需检查,滤芯堵塞,切削工艺异常与质量控制手册.docx
伺服电机,表现为,加工尺寸漂移,ATC刀库与换刀机构检修指南.docx
加工尺寸漂移,可能原因,电机过载,ATC刀库与换刀机构检修指南.docx
电机过载,措施是,清理异物并恢复机构运动,ATC刀库与换刀机构检修指南.docx
伺服电机,需检查,电机过载,ATC刀库与换刀机构检修指南.docx
伺服电机,表现为,回零失败,CNC系统与电气故障排查手册.docx
回零失败,可能原因,电源波动,CNC系统与电气故障排查手册.docx
电源波动,措施是,修复导轨并重新标定精度,CNC系统与电气故障排查手册.docx
伺服电机,需检查,电源波动,CNC系统与电气故障排查手册.docx
伺服电机,表现为,润滑报警,数控机床进给系统维护手册.docx
润滑报警,可能原因,润滑不足,数控机床进给系统维护手册.docx
润滑不足,措施是,更换液压滤芯并检测压力,数控机床进给系统维护手册.docx
伺服电机,需检查,润滑不足,数控机床进给系统维护手册.docx
伺服电机,表现为,跟随误差过大,伺服驱动调试与报警处理指南.docx
跟随误差过大,可能原因,冷却回路堵塞,伺服驱动调试与报警处理指南.docx
冷却回路堵塞,措施是,清理异物并恢复机构运动,伺服驱动调试与报警处理指南.docx
伺服电机,需检查,冷却回路堵塞,伺服驱动调试与报警处理指南.docx
伺服电机,表现为,急停报警,数控机床主轴系统故障诊断手册.docx
急停报警,可能原因,联轴器不同心,数控机床主轴系统故障诊断手册.docx
联轴器不同心,措施是,修复导轨并重新标定精度,数控机床主轴系统故障诊断手册.docx
伺服电机,需检查,联轴器不同心,数控机床主轴系统故障诊断手册.docx
编码器反馈线,表现为,温升过高,切削工艺异常与质量控制手册.docx
温升过高,可能原因,阀芯卡滞,切削工艺异常与质量控制手册.docx
阀芯卡滞,措施是,紧固端子并复查接线,切削工艺异常与质量控制手册.docx
编码器反馈线,需检查,阀芯卡滞,切削工艺异常与质量控制手册.docx
编码器反馈线,表现为,重复定位精度下降,ATC刀库与换刀机构检修指南.docx
重复定位精度下降,可能原因,散热不良,ATC刀库与换刀机构检修指南.docx
散热不良,措施是,稳压供电并检测电网波动,ATC刀库与换刀机构检修指南.docx
编码器反馈线,需检查,散热不良,ATC刀库与换刀机构检修指南.docx
编码器反馈线,表现为,换刀超时报警,CNC系统与电气故障排查手册.docx
换刀超时报警,可能原因,异物卡阻,CNC系统与电气故障排查手册.docx
异物卡阻,措施是,调整丝杠预紧并做反向补偿,CNC系统与电气故障排查手册.docx
编码器反馈线,需检查,异物卡阻,CNC系统与电气故障排查手册.docx
编码器反馈线,表现为,流量不足,数控机床进给系统维护手册.docx
流量不足,可能原因,润滑油污染,数控机床进给系统维护手册.docx
润滑油污染,措施是,紧固端子并复查接线,数控机床进给系统维护手册.docx
编码器反馈线,需检查,润滑油污染,数控机床进给系统维护手册.docx
编码器反馈线,表现为,过流报警,伺服驱动调试与报警处理指南.docx
过流报警,可能原因,丝杠反向间隙过大,伺服驱动调试与报警处理指南.docx
丝杠反向间隙过大,措施是,稳压供电并检测电网波动,伺服驱动调试与报警处理指南.docx
编码器反馈线,需检查,丝杠反向间隙过大,伺服驱动调试与报警处理指南.docx
编码器反馈线,表现为,通信异常,数控机床主轴系统故障诊断手册.docx
通信异常,可能原因,参数漂移,数控机床主轴系统故障诊断手册.docx
参数漂移,措施是,调整丝杠预紧并做反向补偿,数控机床主轴系统故障诊断手册.docx
编码器反馈线,需检查,参数漂移,数控机床主轴系统故障诊断手册.docx
编码器反馈线,表现为,主轴停转,液压与润滑系统点检标准.docx
主轴停转,可能原因,接线松动,液压与润滑系统点检标准.docx
接线松动,措施是,紧固端子并复查接线,液压与润滑系统点检标准.docx
编码器反馈线,需检查,接线松动,液压与润滑系统点检标准.docx
制动电阻,表现为,振动过大,切削工艺异常与质量控制手册.docx
振动过大,可能原因,泵效率下降,切削工艺异常与质量控制手册.docx
泵效率下降,措施是,更换失效传感器,切削工艺异常与质量控制手册.docx
制动电阻,需检查,泵效率下降,切削工艺异常与质量控制手册.docx
制动电阻,表现为,定位误差增大,ATC刀库与换刀机构检修指南.docx
定位误差增大,可能原因,地线接触不良,ATC刀库与换刀机构检修指南.docx
地线接触不良,措施是,重做接地与屏蔽,ATC刀库与换刀机构检修指南.docx
制动电阻,需检查,地线接触不良,ATC刀库与换刀机构检修指南.docx
制动电阻,表现为,表面粗糙度恶化,CNC系统与电气故障排查手册.docx
表面粗糙度恶化,可能原因,轴承磨损,CNC系统与电气故障排查手册.docx
轴承磨损,措施是,清洗冷却管路并更换冷却液,CNC系统与电气故障排查手册.docx
制动电阻,需检查,轴承磨损,CNC系统与电气故障排查手册.docx
制动电阻,表现为,液压压力不足,数控机床进给系统维护手册.docx
液压压力不足,可能原因,冷却液污染,数控机床进给系统维护手册.docx
冷却液污染,措施是,更换失效传感器,数控机床进给系统维护手册.docx
制动电阻,需检查,冷却液污染,数控机床进给系统维护手册.docx
制动电阻,表现为,伺服过热报警,伺服驱动调试与报警处理指南.docx
伺服过热报警,可能原因,导轨磨损,伺服驱动调试与报警处理指南.docx
导轨磨损,措施是,重做接地与屏蔽,伺服驱动调试与报警处理指南.docx
制动电阻,需检查,导轨磨损,伺服驱动调试与报警处理指南.docx
制动电阻,表现为,系统黑屏,数控机床主轴系统故障诊断手册.docx
系统黑屏,可能原因,编码器信号异常,数控机床主轴系统故障诊断手册.docx
编码器信号异常,措施是,清洗冷却管路并更换冷却液,数控机床主轴系统故障诊断手册.docx
制动电阻,需检查,编码器信号异常,数控机床主轴系统故障诊断手册.docx
制动电阻,表现为,排屑机卡滞,液压与润滑系统点检标准.docx
排屑机卡滞,可能原因,滤芯堵塞,液压与润滑系统点检标准.docx
滤芯堵塞,措施是,更换失效传感器,液压与润滑系统点检标准.docx
制动电阻,需检查,滤芯堵塞,液压与润滑系统点检标准.docx
CNC主板,表现为,异常噪声,ATC刀库与换刀机构检修指南.docx
异常噪声,可能原因,电源波动,ATC刀库与换刀机构检修指南.docx
电源波动,措施是,降低负载并改善散热,ATC刀库与换刀机构检修指南.docx
CNC主板,需检查,电源波动,ATC刀库与换刀机构检修指南.docx
CNC主板,表现为,加工尺寸漂移,CNC系统与电气故障排查手册.docx
加工尺寸漂移,可能原因,润滑不足,CNC系统与电气故障排查手册.docx
润滑不足,措施是,清洗润滑回路并更换滤芯,CNC系统与电气故障排查手册.docx
CNC主板,需检查,润滑不足,CNC系统与电气故障排查手册.docx
CNC主板,表现为,回零失败,数控机床进给系统维护手册.docx
回零失败,可能原因,冷却回路堵塞,数控机床进给系统维护手册.docx
冷却回路堵塞,措施是,检修编码器及反馈线缆,数控机床进给系统维护手册.docx
CNC主板,需检查,冷却回路堵塞,数控机床进给系统维护手册.docx
CNC主板,表现为,润滑报警,伺服驱动调试与报警处理指南.docx
润滑报警,可能原因,联轴器不同心,伺服驱动调试与报警处理指南.docx
联轴器不同心,措施是,降低负载并改善散热,伺服驱动调试与报警处理指南.docx
CNC主板,需检查,联轴器不同心,伺服驱动调试与报警处理指南.docx
CNC主板,表现为,跟随误差过大,数控机床主轴系统故障诊断手册.docx
跟随误差过大,可能原因,传感器失效,数控机床主轴系统故障诊断手册.docx
传感器失效,措施是,清洗润滑回路并更换滤芯,数控机床主轴系统故障诊断手册.docx
CNC主板,需检查,传感器失效,数控机床主轴系统故障诊断手册.docx
CNC主板,表现为,急停报警,液压与润滑系统点检标准.docx
急停报警,可能原因,阀芯卡滞,液压与润滑系统点检标准.docx
阀芯卡滞,措施是,检修编码器及反馈线缆,液压与润滑系统点检标准.docx
CNC主板,需检查,阀芯卡滞,液压与润滑系统点检标准.docx
NC参数区,表现为,温升过高,ATC刀库与换刀机构检修指南.docx
温升过高,可能原因,异物卡阻,ATC刀库与换刀机构检修指南.docx
异物卡阻,措施是,检修泵组并测试流量,ATC刀库与换刀机构检修指南.docx
NC参数区,需检查,异物卡阻,ATC刀库与换刀机构检修指南.docx
NC参数区,表现为,重复定位精度下降,CNC系统与电气故障排查手册.docx
重复定位精度下降,可能原因,润滑油污染,CNC系统与电气故障排查手册.docx
润滑油污染,措施是,补充润滑并校验供油周期,CNC系统与电气故障排查手册.docx
NC参数区,需检查,润滑油污染,CNC系统与电气故障排查手册.docx
NC参数区,表现为,换刀超时报警,数控机床进给系统维护手册.docx
换刀超时报警,可能原因,丝杠反向间隙过大,数控机床进给系统维护手册.docx
丝杠反向间隙过大,措施是,恢复驱动参数并重新整定,数控机床进给系统维护手册.docx
NC参数区,需检查,丝杠反向间隙过大,数控机床进给系统维护手册.docx
NC参数区,表现为,流量不足,伺服驱动调试与报警处理指南.docx
流量不足,可能原因,参数漂移,伺服驱动调试与报警处理指南.docx
参数漂移,措施是,检修泵组并测试流量,伺服驱动调试与报警处理指南.docx
NC参数区,需检查,参数漂移,伺服驱动调试与报警处理指南.docx
NC参数区,表现为,过流报警,数控机床主轴系统故障诊断手册.docx
过流报警,可能原因,接线松动,数控机床主轴系统故障诊断手册.docx
接线松动,措施是,补充润滑并校验供油周期,数控机床主轴系统故障诊断手册.docx
NC参数区,需检查,接线松动,数控机床主轴系统故障诊断手册.docx
NC参数区,表现为,通信异常,液压与润滑系统点检标准.docx
通信异常,可能原因,泵效率下降,液压与润滑系统点检标准.docx
泵效率下降,措施是,恢复驱动参数并重新整定,液压与润滑系统点检标准.docx
NC参数区,需检查,泵效率下降,液压与润滑系统点检标准.docx
NC参数区,表现为,主轴停转,切削工艺异常与质量控制手册.docx
主轴停转,可能原因,地线接触不良,切削工艺异常与质量控制手册.docx
地线接触不良,措施是,检修泵组并测试流量,切削工艺异常与质量控制手册.docx
NC参数区,需检查,地线接触不良,切削工艺异常与质量控制手册.docx
PMC程序,表现为,振动过大,ATC刀库与换刀机构检修指南.docx
振动过大,可能原因,轴承磨损,ATC刀库与换刀机构检修指南.docx
轴承磨损,措施是,检修液压阀组并清除卡滞,ATC刀库与换刀机构检修指南.docx
PMC程序,需检查,轴承磨损,ATC刀库与换刀机构检修指南.docx
PMC程序,表现为,定位误差增大,CNC系统与电气故障排查手册.docx
定位误差增大,可能原因,冷却液污染,CNC系统与电气故障排查手册.docx
冷却液污染,措施是,更换轴承并复测振动,CNC系统与电气故障排查手册.docx
PMC程序,需检查,冷却液污染,CNC系统与电气故障排查手册.docx
PMC程序,表现为,表面粗糙度恶化,数控机床进给系统维护手册.docx
表面粗糙度恶化,可能原因,导轨磨损,数控机床进给系统维护手册.docx
导轨磨损,措施是,校正联轴器同轴度,数控机床进给系统维护手册.docx
PMC程序,需检查,导轨磨损,数控机床进给系统维护手册.docx
PMC程序,表现为,液压压力不足,伺服驱动调试与报警处理指南.docx
液压压力不足,可能原因,编码器信号异常,伺服驱动调试与报警处理指南.docx
编码器信号异常,措施是,检修液压阀组并清除卡滞,伺服驱动调试与报警处理指南.docx
PMC程序,需检查,编码器信号异常,伺服驱动调试与报警处理指南.docx
PMC程序,表现为,伺服过热报警,数控机床主轴系统故障诊断手册.docx
伺服过热报警,可能原因,滤芯堵塞,数控机床主轴系统故障诊断手册.docx
滤芯堵塞,措施是,更换轴承并复测振动,数控机床主轴系统故障诊断手册.docx
PMC程序,需检查,滤芯堵塞,数控机床主轴系统故障诊断手册.docx
PMC程序,表现为,系统黑屏,液压与润滑系统点检标准.docx
系统黑屏,可能原因,电机过载,液压与润滑系统点检标准.docx
电机过载,措施是,校正联轴器同轴度,液压与润滑系统点检标准.docx
PMC程序,需检查,电机过载,液压与润滑系统点检标准.docx
PMC程序,表现为,排屑机卡滞,切削工艺异常与质量控制手册.docx
排屑机卡滞,可能原因,电源波动,切削工艺异常与质量控制手册.docx
电源波动,措施是,检修液压阀组并清除卡滞,切削工艺异常与质量控制手册.docx
PMC程序,需检查,电源波动,切削工艺异常与质量控制手册.docx
I/O模块,表现为,异常噪声,CNC系统与电气故障排查手册.docx
异常噪声,可能原因,冷却回路堵塞,CNC系统与电气故障排查手册.docx
冷却回路堵塞,措施是,清理异物并恢复机构运动,CNC系统与电气故障排查手册.docx
I/O模块,需检查,冷却回路堵塞,CNC系统与电气故障排查手册.docx
I/O模块,表现为,加工尺寸漂移,数控机床进给系统维护手册.docx
加工尺寸漂移,可能原因,联轴器不同心,数控机床进给系统维护手册.docx
联轴器不同心,措施是,修复导轨并重新标定精度,数控机床进给系统维护手册.docx
I/O模块,需检查,联轴器不同心,数控机床进给系统维护手册.docx
I/O模块,表现为,回零失败,伺服驱动调试与报警处理指南.docx
回零失败,可能原因,传感器失效,伺服驱动调试与报警处理指南.docx
传感器失效,措施是,更换液压滤芯并检测压力,伺服驱动调试与报警处理指南.docx
I/O模块,需检查,传感器失效,伺服驱动调试与报警处理指南.docx
I/O模块,表现为,润滑报警,数控机床主轴系统故障诊断手册.docx
润滑报警,可能原因,阀芯卡滞,数控机床主轴系统故障诊断手册.docx
阀芯卡滞,措施是,清理异物并恢复机构运动,数控机床主轴系统故障诊断手册.docx
I/O模块,需检查,阀芯卡滞,数控机床主轴系统故障诊断手册.docx
I/O模块,表现为,跟随误差过大,液压与润滑系统点检标准.docx
跟随误差过大,可能原因,散热不良,液压与润滑系统点检标准.docx
散热不良,措施是,修复导轨并重新标定精度,液压与润滑系统点检标准.docx
I/O模块,需检查,散热不良,液压与润滑系统点检标准.docx
I/O模块,表现为,急停报警,切削工艺异常与质量控制手册.docx
急停报警,可能原因,异物卡阻,切削工艺异常与质量控制手册.docx
异物卡阻,措施是,更换液压滤芯并检测压力,切削工艺异常与质量控制手册.docx
I/O模块,需检查,异物卡阻,切削工艺异常与质量控制手册.docx
24V电源,表现为,温升过高,CNC系统与电气故障排查手册.docx
温升过高,可能原因,丝杠反向间隙过大,CNC系统与电气故障排查手册.docx
丝杠反向间隙过大,措施是,稳压供电并检测电网波动,CNC系统与电气故障排查手册.docx
24V电源,需检查,丝杠反向间隙过大,CNC系统与电气故障排查手册.docx
24V电源,表现为,重复定位精度下降,数控机床进给系统维护手册.docx
重复定位精度下降,可能原因,参数漂移,数控机床进给系统维护手册.docx
参数漂移,措施是,调整丝杠预紧并做反向补偿,数控机床进给系统维护手册.docx
24V电源,需检查,参数漂移,数控机床进给系统维护手册.docx
24V电源,表现为,换刀超时报警,伺服驱动调试与报警处理指南.docx
换刀超时报警,可能原因,接线松动,伺服驱动调试与报警处理指南.docx
接线松动,措施是,紧固端子并复查接线,伺服驱动调试与报警处理指南.docx
24V电源,需检查,接线松动,伺服驱动调试与报警处理指南.docx
24V电源,表现为,流量不足,数控机床主轴系统故障诊断手册.docx
流量不足,可能原因,泵效率下降,数控机床主轴系统故障诊断手册.docx
泵效率下降,措施是,稳压供电并检测电网波动,数控机床主轴系统故障诊断手册.docx
24V电源,需检查,泵效率下降,数控机床主轴系统故障诊断手册.docx
24V电源,表现为,过流报警,液压与润滑系统点检标准.docx
过流报警,可能原因,地线接触不良,液压与润滑系统点检标准.docx
地线接触不良,措施是,调整丝杠预紧并做反向补偿,液压与润滑系统点检标准.docx
24V电源,需检查,地线接触不良,液压与润滑系统点检标准.docx
24V电源,表现为,通信异常,切削工艺异常与质量控制手册.docx
通信异常,可能原因,轴承磨损,切削工艺异常与质量控制手册.docx
轴承磨损,措施是,紧固端子并复查接线,切削工艺异常与质量控制手册.docx
24V电源,需检查,轴承磨损,切削工艺异常与质量控制手册.docx
24V电源,表现为,主轴停转,ATC刀库与换刀机构检修指南.docx
主轴停转,可能原因,冷却液污染,ATC刀库与换刀机构检修指南.docx
冷却液污染,措施是,稳压供电并检测电网波动,ATC刀库与换刀机构检修指南.docx
24V电源,需检查,冷却液污染,ATC刀库与换刀机构检修指南.docx
主接触器,表现为,振动过大,CNC系统与电气故障排查手册.docx
振动过大,可能原因,导轨磨损,CNC系统与电气故障排查手册.docx
导轨磨损,措施是,重做接地与屏蔽,CNC系统与电气故障排查手册.docx
主接触器,需检查,导轨磨损,CNC系统与电气故障排查手册.docx
主接触器,表现为,定位误差增大,数控机床进给系统维护手册.docx
定位误差增大,可能原因,编码器信号异常,数控机床进给系统维护手册.docx
编码器信号异常,措施是,清洗冷却管路并更换冷却液,数控机床进给系统维护手册.docx
主接触器,需检查,编码器信号异常,数控机床进给系统维护手册.docx
主接触器,表现为,表面粗糙度恶化,伺服驱动调试与报警处理指南.docx
表面粗糙度恶化,可能原因,滤芯堵塞,伺服驱动调试与报警处理指南.docx
滤芯堵塞,措施是,更换失效传感器,伺服驱动调试与报警处理指南.docx
主接触器,需检查,滤芯堵塞,伺服驱动调试与报警处理指南.docx
主接触器,表现为,液压压力不足,数控机床主轴系统故障诊断手册.docx
液压压力不足,可能原因,电机过载,数控机床主轴系统故障诊断手册.docx
电机过载,措施是,重做接地与屏蔽,数控机床主轴系统故障诊断手册.docx
主接触器,需检查,电机过载,数控机床主轴系统故障诊断手册.docx
主接触器,表现为,伺服过热报警,液压与润滑系统点检标准.docx
伺服过热报警,可能原因,电源波动,液压与润滑系统点检标准.docx
电源波动,措施是,清洗冷却管路并更换冷却液,液压与润滑系统点检标准.docx
主接触器,需检查,电源波动,液压与润滑系统点检标准.docx
主接触器,表现为,系统黑屏,切削工艺异常与质量控制手册.docx
系统黑屏,可能原因,润滑不足,切削工艺异常与质量控制手册.docx
润滑不足,措施是,更换失效传感器,切削工艺异常与质量控制手册.docx
主接触器,需检查,润滑不足,切削工艺异常与质量控制手册.docx
主接触器,表现为,排屑机卡滞,ATC刀库与换刀机构检修指南.docx
排屑机卡滞,可能原因,冷却回路堵塞,ATC刀库与换刀机构检修指南.docx
冷却回路堵塞,措施是,重做接地与屏蔽,ATC刀库与换刀机构检修指南.docx
主接触器,需检查,冷却回路堵塞,ATC刀库与换刀机构检修指南.docx
接地系统,表现为,异常噪声,数控机床进给系统维护手册.docx
异常噪声,可能原因,传感器失效,数控机床进给系统维护手册.docx
传感器失效,措施是,清洗润滑回路并更换滤芯,数控机床进给系统维护手册.docx
接地系统,需检查,传感器失效,数控机床进给系统维护手册.docx
接地系统,表现为,加工尺寸漂移,伺服驱动调试与报警处理指南.docx
加工尺寸漂移,可能原因,阀芯卡滞,伺服驱动调试与报警处理指南.docx
阀芯卡滞,措施是,检修编码器及反馈线缆,伺服驱动调试与报警处理指南.docx
接地系统,需检查,阀芯卡滞,伺服驱动调试与报警处理指南.docx
接地系统,表现为,回零失败,数控机床主轴系统故障诊断手册.docx
回零失败,可能原因,散热不良,数控机床主轴系统故障诊断手册.docx
散热不良,措施是,降低负载并改善散热,数控机床主轴系统故障诊断手册.docx
接地系统,需检查,散热不良,数控机床主轴系统故障诊断手册.docx
接地系统,表现为,润滑报警,液压与润滑系统点检标准.docx
润滑报警,可能原因,异物卡阻,液压与润滑系统点检标准.docx
异物卡阻,措施是,清洗润滑回路并更换滤芯,液压与润滑系统点检标准.docx
接地系统,需检查,异物卡阻,液压与润滑系统点检标准.docx
接地系统,表现为,跟随误差过大,切削工艺异常与质量控制手册.docx
跟随误差过大,可能原因,润滑油污染,切削工艺异常与质量控制手册.docx
润滑油污染,措施是,检修编码器及反馈线缆,切削工艺异常与质量控制手册.docx
接地系统,需检查,润滑油污染,切削工艺异常与质量控制手册.docx
接地系统,表现为,急停报警,ATC刀库与换刀机构检修指南.docx
急停报警,可能原因,丝杠反向间隙过大,ATC刀库与换刀机构检修指南.docx
丝杠反向间隙过大,措施是,降低负载并改善散热,ATC刀库与换刀机构检修指南.docx
接地系统,需检查,丝杠反向间隙过大,ATC刀库与换刀机构检修指南.docx
限位开关,表现为,温升过高,数控机床进给系统维护手册.docx
温升过高,可能原因,接线松动,数控机床进给系统维护手册.docx
接线松动,措施是,补充润滑并校验供油周期,数控机床进给系统维护手册.docx
限位开关,需检查,接线松动,数控机床进给系统维护手册.docx
限位开关,表现为,重复定位精度下降,伺服驱动调试与报警处理指南.docx
重复定位精度下降,可能原因,泵效率下降,伺服驱动调试与报警处理指南.docx
泵效率下降,措施是,恢复驱动参数并重新整定,伺服驱动调试与报警处理指南.docx
限位开关,需检查,泵效率下降,伺服驱动调试与报警处理指南.docx
限位开关,表现为,换刀超时报警,数控机床主轴系统故障诊断手册.docx
换刀超时报警,可能原因,地线接触不良,数控机床主轴系统故障诊断手册.docx
地线接触不良,措施是,检修泵组并测试流量,数控机床主轴系统故障诊断手册.docx
限位开关,需检查,地线接触不良,数控机床主轴系统故障诊断手册.docx
限位开关,表现为,流量不足,液压与润滑系统点检标准.docx
流量不足,可能原因,轴承磨损,液压与润滑系统点检标准.docx
轴承磨损,措施是,补充润滑并校验供油周期,液压与润滑系统点检标准.docx
限位开关,需检查,轴承磨损,液压与润滑系统点检标准.docx
限位开关,表现为,过流报警,切削工艺异常与质量控制手册.docx
过流报警,可能原因,冷却液污染,切削工艺异常与质量控制手册.docx
冷却液污染,措施是,恢复驱动参数并重新整定,切削工艺异常与质量控制手册.docx
限位开关,需检查,冷却液污染,切削工艺异常与质量控制手册.docx
限位开关,表现为,通信异常,ATC刀库与换刀机构检修指南.docx
通信异常,可能原因,导轨磨损,ATC刀库与换刀机构检修指南.docx
导轨磨损,措施是,检修泵组并测试流量,ATC刀库与换刀机构检修指南.docx
限位开关,需检查,导轨磨损,ATC刀库与换刀机构检修指南.docx
限位开关,表现为,主轴停转,CNC系统与电气故障排查手册.docx
主轴停转,可能原因,编码器信号异常,CNC系统与电气故障排查手册.docx
编码器信号异常,措施是,补充润滑并校验供油周期,CNC系统与电气故障排查手册.docx
限位开关,需检查,编码器信号异常,CNC系统与电气故障排查手册.docx
急停回路,表现为,振动过大,数控机床进给系统维护手册.docx
振动过大,可能原因,滤芯堵塞,数控机床进给系统维护手册.docx
滤芯堵塞,措施是,更换轴承并复测振动,数控机床进给系统维护手册.docx
急停回路,需检查,滤芯堵塞,数控机床进给系统维护手册.docx
急停回路,表现为,定位误差增大,伺服驱动调试与报警处理指南.docx
定位误差增大,可能原因,电机过载,伺服驱动调试与报警处理指南.docx
电机过载,措施是,校正联轴器同轴度,伺服驱动调试与报警处理指南.docx
急停回路,需检查,电机过载,伺服驱动调试与报警处理指南.docx
急停回路,表现为,表面粗糙度恶化,数控机床主轴系统故障诊断手册.docx
表面粗糙度恶化,可能原因,电源波动,数控机床主轴系统故障诊断手册.docx
电源波动,措施是,检修液压阀组并清除卡滞,数控机床主轴系统故障诊断手册.docx
急停回路,需检查,电源波动,数控机床主轴系统故障诊断手册.docx
急停回路,表现为,液压压力不足,液压与润滑系统点检标准.docx
液压压力不足,可能原因,润滑不足,液压与润滑系统点检标准.docx
润滑不足,措施是,更换轴承并复测振动,液压与润滑系统点检标准.docx
急停回路,需检查,润滑不足,液压与润滑系统点检标准.docx
急停回路,表现为,伺服过热报警,切削工艺异常与质量控制手册.docx
伺服过热报警,可能原因,冷却回路堵塞,切削工艺异常与质量控制手册.docx
冷却回路堵塞,措施是,校正联轴器同轴度,切削工艺异常与质量控制手册.docx
急停回路,需检查,冷却回路堵塞,切削工艺异常与质量控制手册.docx
急停回路,表现为,系统黑屏,ATC刀库与换刀机构检修指南.docx
系统黑屏,可能原因,联轴器不同心,ATC刀库与换刀机构检修指南.docx
联轴器不同心,措施是,检修液压阀组并清除卡滞,ATC刀库与换刀机构检修指南.docx
急停回路,需检查,联轴器不同心,ATC刀库与换刀机构检修指南.docx
急停回路,表现为,排屑机卡滞,CNC系统与电气故障排查手册.docx
排屑机卡滞,可能原因,传感器失效,CNC系统与电气故障排查手册.docx
传感器失效,措施是,更换轴承并复测振动,CNC系统与电气故障排查手册.docx
急停回路,需检查,传感器失效,CNC系统与电气故障排查手册.docx
排屑机,表现为,异常噪声,伺服驱动调试与报警处理指南.docx
异常噪声,可能原因,散热不良,伺服驱动调试与报警处理指南.docx
散热不良,措施是,修复导轨并重新标定精度,伺服驱动调试与报警处理指南.docx
排屑机,需检查,散热不良,伺服驱动调试与报警处理指南.docx
排屑机,表现为,加工尺寸漂移,数控机床主轴系统故障诊断手册.docx
加工尺寸漂移,可能原因,异物卡阻,数控机床主轴系统故障诊断手册.docx
异物卡阻,措施是,更换液压滤芯并检测压力,数控机床主轴系统故障诊断手册.docx
排屑机,需检查,异物卡阻,数控机床主轴系统故障诊断手册.docx
排屑机,表现为,回零失败,液压与润滑系统点检标准.docx
回零失败,可能原因,润滑油污染,液压与润滑系统点检标准.docx
润滑油污染,措施是,清理异物并恢复机构运动,液压与润滑系统点检标准.docx
排屑机,需检查,润滑油污染,液压与润滑系统点检标准.docx
排屑机,表现为,润滑报警,切削工艺异常与质量控制手册.docx
润滑报警,可能原因,丝杠反向间隙过大,切削工艺异常与质量控制手册.docx
丝杠反向间隙过大,措施是,修复导轨并重新标定精度,切削工艺异常与质量控制手册.docx
排屑机,需检查,丝杠反向间隙过大,切削工艺异常与质量控制手册.docx
排屑机,表现为,跟随误差过大,ATC刀库与换刀机构检修指南.docx
跟随误差过大,可能原因,参数漂移,ATC刀库与换刀机构检修指南.docx
参数漂移,措施是,更换液压滤芯并检测压力,ATC刀库与换刀机构检修指南.docx
排屑机,需检查,参数漂移,ATC刀库与换刀机构检修指南.docx
排屑机,表现为,急停报警,CNC系统与电气故障排查手册.docx
急停报警,可能原因,接线松动,CNC系统与电气故障排查手册.docx
接线松动,措施是,清理异物并恢复机构运动,CNC系统与电气故障排查手册.docx
排屑机,需检查,接线松动,CNC系统与电气故障排查手册.docx
链板,表现为,温升过高,伺服驱动调试与报警处理指南.docx
温升过高,可能原因,地线接触不良,伺服驱动调试与报警处理指南.docx
地线接触不良,措施是,调整丝杠预紧并做反向补偿,伺服驱动调试与报警处理指南.docx
链板,需检查,地线接触不良,伺服驱动调试与报警处理指南.docx
链板,表现为,重复定位精度下降,数控机床主轴系统故障诊断手册.docx
重复定位精度下降,可能原因,轴承磨损,数控机床主轴系统故障诊断手册.docx
轴承磨损,措施是,紧固端子并复查接线,数控机床主轴系统故障诊断手册.docx
链板,需检查,轴承磨损,数控机床主轴系统故障诊断手册.docx
链板,表现为,换刀超时报警,液压与润滑系统点检标准.docx
换刀超时报警,可能原因,冷却液污染,液压与润滑系统点检标准.docx
冷却液污染,措施是,稳压供电并检测电网波动,液压与润滑系统点检标准.docx
链板,需检查,冷却液污染,液压与润滑系统点检标准.docx
链板,表现为,流量不足,切削工艺异常与质量控制手册.docx
流量不足,可能原因,导轨磨损,切削工艺异常与质量控制手册.docx
导轨磨损,措施是,调整丝杠预紧并做反向补偿,切削工艺异常与质量控制手册.docx
链板,需检查,导轨磨损,切削工艺异常与质量控制手册.docx
链板,表现为,过流报警,ATC刀库与换刀机构检修指南.docx
过流报警,可能原因,编码器信号异常,ATC刀库与换刀机构检修指南.docx
编码器信号异常,措施是,紧固端子并复查接线,ATC刀库与换刀机构检修指南.docx
链板,需检查,编码器信号异常,ATC刀库与换刀机构检修指南.docx
链板,表现为,通信异常,CNC系统与电气故障排查手册.docx
通信异常,可能原因,滤芯堵塞,CNC系统与电气故障排查手册.docx
滤芯堵塞,措施是,稳压供电并检测电网波动,CNC系统与电气故障排查手册.docx
链板,需检查,滤芯堵塞,CNC系统与电气故障排查手册.docx
链板,表现为,主轴停转,数控机床进给系统维护手册.docx
主轴停转,可能原因,电机过载,数控机床进给系统维护手册.docx
电机过载,措施是,调整丝杠预紧并做反向补偿,数控机床进给系统维护手册.docx
链板,需检查,电机过载,数控机床进给系统维护手册.docx
排屑电机,表现为,振动过大,伺服驱动调试与报警处理指南.docx
振动过大,可能原因,电源波动,伺服驱动调试与报警处理指南.docx
电源波动,措施是,清洗冷却管路并更换冷却液,伺服驱动调试与报警处理指南.docx
排屑电机,需检查,电源波动,伺服驱动调试与报警处理指南.docx
排屑电机,表现为,定位误差增大,数控机床主轴系统故障诊断手册.docx
定位误差增大,可能原因,润滑不足,数控机床主轴系统故障诊断手册.docx
润滑不足,措施是,更换失效传感器,数控机床主轴系统故障诊断手册.docx
排屑电机,需检查,润滑不足,数控机床主轴系统故障诊断手册.docx
排屑电机,表现为,表面粗糙度恶化,液压与润滑系统点检标准.docx
表面粗糙度恶化,可能原因,冷却回路堵塞,液压与润滑系统点检标准.docx
冷却回路堵塞,措施是,重做接地与屏蔽,液压与润滑系统点检标准.docx
排屑电机,需检查,冷却回路堵塞,液压与润滑系统点检标准.docx
排屑电机,表现为,液压压力不足,切削工艺异常与质量控制手册.docx
液压压力不足,可能原因,联轴器不同心,切削工艺异常与质量控制手册.docx
联轴器不同心,措施是,清洗冷却管路并更换冷却液,切削工艺异常与质量控制手册.docx
排屑电机,需检查,联轴器不同心,切削工艺异常与质量控制手册.docx
排屑电机,表现为,伺服过热报警,ATC刀库与换刀机构检修指南.docx
伺服过热报警,可能原因,传感器失效,ATC刀库与换刀机构检修指南.docx
传感器失效,措施是,更换失效传感器,ATC刀库与换刀机构检修指南.docx
排屑电机,需检查,传感器失效,ATC刀库与换刀机构检修指南.docx
排屑电机,表现为,系统黑屏,CNC系统与电气故障排查手册.docx
系统黑屏,可能原因,阀芯卡滞,CNC系统与电气故障排查手册.docx
阀芯卡滞,措施是,重做接地与屏蔽,CNC系统与电气故障排查手册.docx
排屑电机,需检查,阀芯卡滞,CNC系统与电气故障排查手册.docx
排屑电机,表现为,排屑机卡滞,数控机床进给系统维护手册.docx
排屑机卡滞,可能原因,散热不良,数控机床进给系统维护手册.docx
散热不良,措施是,清洗冷却管路并更换冷却液,数控机床进给系统维护手册.docx
排屑电机,需检查,散热不良,数控机床进给系统维护手册.docx
主轴,关联,Y轴丝杠,数控机床主轴系统故障诊断手册.docx
主轴,影响,振动过大,数控机床主轴系统故障诊断手册.docx
主轴轴承,关联,Z轴丝杠,数控机床进给系统维护手册.docx
主轴轴承,影响,温升过高,数控机床进给系统维护手册.docx
主轴电机,关联,X轴导轨,ATC刀库与换刀机构检修指南.docx
主轴电机,影响,异常噪声,ATC刀库与换刀机构检修指南.docx
主轴编码器,关联,Y轴导轨,液压与润滑系统点检标准.docx
主轴编码器,影响,定位误差增大,液压与润滑系统点检标准.docx
X轴丝杠,关联,Z轴导轨,伺服驱动调试与报警处理指南.docx
X轴丝杠,影响,重复定位精度下降,伺服驱动调试与报警处理指南.docx
Y轴丝杠,关联,刀库,CNC系统与电气故障排查手册.docx
Y轴丝杠,影响,加工尺寸漂移,CNC系统与电气故障排查手册.docx
Z轴丝杠,关联,机械手,切削工艺异常与质量控制手册.docx
Z轴丝杠,影响,表面粗糙度恶化,切削工艺异常与质量控制手册.docx
X轴导轨,关联,刀盘,数控机床主轴系统故障诊断手册.docx
X轴导轨,影响,换刀超时报警,数控机床主轴系统故障诊断手册.docx
Y轴导轨,关联,换刀电机,数控机床进给系统维护手册.docx
Y轴导轨,影响,回零失败,数控机床进给系统维护手册.docx
Z轴导轨,关联,液压泵,ATC刀库与换刀机构检修指南.docx
Z轴导轨,影响,液压压力不足,ATC刀库与换刀机构检修指南.docx
刀库,关联,溢流阀,液压与润滑系统点检标准.docx
刀库,影响,流量不足,液压与润滑系统点检标准.docx
机械手,关联,电磁阀,伺服驱动调试与报警处理指南.docx
机械手,影响,润滑报警,伺服驱动调试与报警处理指南.docx
刀盘,关联,液压滤芯,CNC系统与电气故障排查手册.docx
刀盘,影响,伺服过热报警,CNC系统与电气故障排查手册.docx
换刀电机,关联,润滑泵,切削工艺异常与质量控制手册.docx
换刀电机,影响,过流报警,切削工艺异常与质量控制手册.docx
液压泵,关联,分配器,数控机床主轴系统故障诊断手册.docx
液压泵,影响,跟随误差过大,数控机床主轴系统故障诊断手册.docx
溢流阀,关联,润滑管路,数控机床进给系统维护手册.docx
溢流阀,影响,系统黑屏,数控机床进给系统维护手册.docx
电磁阀,关联,冷却泵,ATC刀库与换刀机构检修指南.docx
电磁阀,影响,通信异常,ATC刀库与换刀机构检修指南.docx
液压滤芯,关联,冷却液箱,液压与润滑系统点检标准.docx
液压滤芯,影响,急停报警,液压与润滑系统点检标准.docx
润滑泵,关联,流量开关,伺服驱动调试与报警处理指南.docx
润滑泵,影响,排屑机卡滞,伺服驱动调试与报警处理指南.docx
分配器,关联,伺服驱动器,CNC系统与电气故障排查手册.docx
分配器,影响,主轴停转,CNC系统与电气故障排查手册.docx
润滑管路,关联,伺服电机,切削工艺异常与质量控制手册.docx
润滑管路,影响,振动过大,切削工艺异常与质量控制手册.docx
冷却泵,关联,编码器反馈线,数控机床主轴系统故障诊断手册.docx
冷却泵,影响,温升过高,数控机床主轴系统故障诊断手册.docx
冷却液箱,关联,制动电阻,数控机床进给系统维护手册.docx
冷却液箱,影响,异常噪声,数控机床进给系统维护手册.docx
流量开关,关联,CNC主板,ATC刀库与换刀机构检修指南.docx
流量开关,影响,定位误差增大,ATC刀库与换刀机构检修指南.docx
伺服驱动器,关联,NC参数区,液压与润滑系统点检标准.docx
伺服驱动器,影响,重复定位精度下降,液压与润滑系统点检标准.docx
伺服电机,关联,PMC程序,伺服驱动调试与报警处理指南.docx
伺服电机,影响,加工尺寸漂移,伺服驱动调试与报警处理指南.docx
编码器反馈线,关联,I/O模块,CNC系统与电气故障排查手册.docx
编码器反馈线,影响,表面粗糙度恶化,CNC系统与电气故障排查手册.docx
制动电阻,关联,24V电源,切削工艺异常与质量控制手册.docx
制动电阻,影响,换刀超时报警,切削工艺异常与质量控制手册.docx
CNC主板,关联,主接触器,数控机床主轴系统故障诊断手册.docx
CNC主板,影响,回零失败,数控机床主轴系统故障诊断手册.docx
NC参数区,关联,接地系统,数控机床进给系统维护手册.docx
NC参数区,影响,液压压力不足,数控机床进给系统维护手册.docx
PMC程序,关联,限位开关,ATC刀库与换刀机构检修指南.docx
PMC程序,影响,流量不足,ATC刀库与换刀机构检修指南.docx
I/O模块,关联,急停回路,液压与润滑系统点检标准.docx
I/O模块,影响,润滑报警,液压与润滑系统点检标准.docx
24V电源,关联,排屑机,伺服驱动调试与报警处理指南.docx
24V电源,影响,伺服过热报警,伺服驱动调试与报警处理指南.docx
主接触器,关联,链板,CNC系统与电气故障排查手册.docx
主接触器,影响,过流报警,CNC系统与电气故障排查手册.docx
接地系统,关联,排屑电机,切削工艺异常与质量控制手册.docx
接地系统,影响,跟随误差过大,切削工艺异常与质量控制手册.docx
限位开关,关联,主轴,数控机床主轴系统故障诊断手册.docx
限位开关,影响,系统黑屏,数控机床主轴系统故障诊断手册.docx
急停回路,关联,主轴轴承,数控机床进给系统维护手册.docx
急停回路,影响,通信异常,数控机床进给系统维护手册.docx
排屑机,关联,主轴电机,ATC刀库与换刀机构检修指南.docx
排屑机,影响,急停报警,ATC刀库与换刀机构检修指南.docx
链板,关联,主轴编码器,液压与润滑系统点检标准.docx
链板,影响,排屑机卡滞,液压与润滑系统点检标准.docx
排屑电机,关联,X轴丝杠,伺服驱动调试与报警处理指南.docx
排屑电机,影响,主轴停转,伺服驱动调试与报警处理指南.docx
